Date,TempHighF,TempAvgF,TempLowF,DewPointHighF,DewPointAvgF,DewPointLowF,HumidityHighPercent,HumidityAvgPercent,HumidityLowPercent,SeaLevelPressureHighInches,SeaLevelPressureAvgInches,SeaLevelPressureLowInches,VisibilityHighMiles,VisibilityAvgMiles,VisibilityLowMiles,WindHighMPH,WindAvgMPH,WindGustMPH,PrecipitationSumInches,Events
2013-12-21,74,60,45,67,49,43,93,75,57,29.86,29.68,29.59,10,7,2,20,4,31,0.46,"Rain , Thunderstorm"
2013-12-22,56,48,39,43,36,28,93,68,43,30.41,30.13,29.87,10,10,5,16,6,25,0, 
2013-12-23,58,45,32,31,27,23,76,52,27,30.56,30.49,30.41,10,10,10,8,3,12,0, 
2013-12-24,61,46,31,36,28,21,89,56,22,30.56,30.45,30.3,10,10,7,12,4,20,0, 
2013-12-25,58,50,41,44,40,36,86,71,56,30.41,30.33,30.27,10,10,7,10,2,16,T, 
2013-12-26,57,48,39,39,36,33,79,63,47,30.47,30.4,30.34,10,9,7,12,3,17,0, 
2013-12-27,60,53,45,41,39,37,83,65,47,30.46,30.39,30.34,10,9,7,7,1,11,T, 
2013-12-28,62,51,40,43,39,33,92,64,36,30.33,30.17,30.04,10,10,7,10,2,14,T, 
2013-12-29,64,50,36,49,41,28,92,76,60,30.31,30.1,29.99,10,10,4,17,5,24,0, 
2013-12-30,44,40,35,31,26,21,75,60,45,30.44,30.33,30.26,10,10,10,13,5,21,0, 
2013-12-31,55,46,36,31,28,23,76,54,32,30.49,30.39,30.27,10,10,10,8,1,12,0, 
2014-01-01,69,54,39,51,42,30,83,68,52,30.25,30.11,30.01,10,10,8,13,4,22,0, 
2014-01-02,55,44,33,39,26,19,83,55,26,30.49,30.37,30.15,10,10,9,21,8,31,0, 
2014-01-03,58,43,28,37,22,18,75,49,22,30.48,30.35,30.14,10,10,10,14,4,21,0, 
2014-01-04,71,57,42,55,48,38,89,68,47,30.12,29.95,29.81,10,10,8,16,7,28,0, 
2014-01-05,59,47,34,54,32,15,87,59,31,30.48,30.08,29.79,10,10,4,21,10,34,0, 
2014-01-06,36,29,22,15,8,2,50,38,26,30.8,30.68,30.5,10,10,10,17,7,27,0, 
2014-01-07,48,35,22,29,11,4,68,43,17,30.66,30.52,30.36,10,10,10,13,5,22,0, 
2014-01-08,53,47,40,51,45,30,93,75,57,30.33,30.2,30.12,10,2,1,12,1,18,0.16,Rain
2014-01-09,70,62,53,60,55,50,93,80,66,30.18,30.11,30,10,4,0,12,3,19,0,Fog
2014-01-10,72,65,57,64,61,54,93,81,68,29.97,29.87,29.75,10,8,1,13,6,21,0.1,Rain
2014-01-11,75,62,48,54,37,20,93,53,13,30.16,30.06,29.87,10,9,5,12,3,19,0, 
2014-01-12,67,57,46,58,47,33,84,68,52,30.12,30.01,29.9,10,10,10,15,4,24,0.01,Rain
2014-01-13,71,57,43,60,36,17,87,51,14,30.16,30.01,29.86,10,9,7,17,7,29,0, 
2014-01-14,76,57,37,31,25,20,70,41,12,30.34,30.13,30.01,10,10,10,16,5,29,0, 
2014-01-15,64,52,40,29,23,16,49,35,21,30.47,30.33,30.17,10,10,10,14,4,21,0, 
2014-01-16,72,56,40,31,27,23,55,38,20,30.21,30.13,30.06,10,10,10,14,4,20,0, 
2014-01-17,64,54,43,31,20,15,45,31,17,30.37,30.29,30.21,10,10,9,14,5,21,0, 
2014-01-18,70,54,37,41,33,23,59,45,31,30.26,30.19,30.1,10,10,10,12,2,19,0, 
2014-01-19,72,59,45,41,30,18,64,39,14,30.35,30.22,30.12,10,10,10,9,3,16,0, 
2014-01-20,82,64,46,51,36,23,71,44,17,30.16,30,29.85,10,10,10,16,5,26,0, 
2014-01-21,63,51,38,28,23,19,59,39,19,30.43,30.31,30.19,10,10,10,15,6,25,0, 
2014-01-22,70,54,37,39,27,24,70,45,19,30.23,30.11,30.01,10,10,10,12,4,18,0, 
2014-01-23,56,42,27,42,29,20,78,64,50,30.73,30.47,30.06,10,8,2,20,9,31,0.06,"Rain , Snow"
2014-01-24,40,33,26,22,17,10,81,60,39,30.76,30.63,30.4,10,9,3,16,5,24,0.05, 
2014-01-25,70,48,26,38,27,22,85,53,20,30.38,30.19,30.02,10,10,8,8,1,14,0, 
2014-01-26,76,60,43,45,39,33,76,52,27,30,29.84,29.69,10,10,10,12,3,20,0, 
2014-01-27,60,47,34,43,23,5,66,44,21,30.28,30.09,29.81,10,10,10,21,9,32,0.02,Rain
2014-01-28,39,33,27,19,14,7,69,48,27,30.51,30.4,30.27,10,10,10,15,6,23,0.05,Rain
2014-01-29,49,38,27,19,13,9,63,42,21,30.52,30.41,30.29,10,10,10,15,5,23,0, 
2014-01-30,65,48,31,51,36,20,80,64,48,30.26,30.06,29.9,10,10,10,15,7,27,0, 
2014-01-31,80,68,55,59,54,51,86,64,42,29.96,29.87,29.79,10,10,9,14,9,25,0, 
2014-02-01,76,66,55,62,59,41,81,71,60,29.91,29.81,29.75,10,10,9,14,6,26,T,Rain
2014-02-02,55,45,35,40,33,27,79,69,59,30.27,30.09,29.9,10,8,4,18,11,29,0.02,Rain
2014-02-03,46,40,34,38,33,28,82,74,65,30.28,30.17,29.98,10,6,3,13,6,17,0, 
2014-02-04,64,53,42,45,41,39,89,68,46,30.11,29.95,29.87,10,6,2,10,2,18,0.15,Rain
2014-02-05,48,40,31,42,26,16,80,60,39,30.5,30.37,30.13,10,10,10,16,10,24,0, 
2014-02-06,32,29,26,17,15,13,58,54,49,30.57,30.48,30.42,10,10,10,15,8,23,0, 
2014-02-07,38,34,29,29,24,17,78,68,58,30.41,30.32,30.24,10,7,2,8,3,12,0, 
2014-02-08,65,51,37,42,36,29,85,63,40,30.26,30.17,30.03,10,7,3,14,5,21,0, 
2014-02-09,76,59,41,53,45,38,96,70,44,30.12,30.05,29.93,10,5,0,13,4,20,0,Fog
2014-02-10,60,48,35,49,36,30,82,74,66,30.23,30.15,30.02,10,8,4,15,9,23,T,Rain
2014-02-11,36,35,33,31,29,27,89,80,70,30.3,30.24,30.19,9,5,1,15,9,23,0.1,Rain
2014-02-12,57,45,33,34,29,27,75,57,38,30.27,30.18,30.08,10,9,7,14,5,22,0, 
2014-02-13,69,51,32,38,34,28,85,58,30,30.11,30.02,29.93,10,10,10,10,4,19,0, 
2014-02-14,86,67,47,48,37,22,86,51,15,30.08,29.93,29.85,10,10,8,18,6,30,0, 
2014-02-15,76,59,42,52,35,22,64,43,22,30.17,30.09,30.01,10,10,10,15,5,23,0, 
2014-02-16,76,68,59,61,57,53,90,74,57,30.08,30.01,29.94,10,5,0,13,5,23,0,Fog
2014-02-17,81,70,58,62,50,29,87,52,17,30.12,30.03,29.92,10,8,2,15,5,23,0, 
2014-02-18,82,69,55,63,53,32,78,55,32,30.1,30,29.89,10,10,9,13,4,20,0, 
2014-02-19,82,73,63,62,60,59,93,70,47,29.93,29.85,29.72,10,9,2,15,7,25,0, 
2014-02-20,83,70,57,64,50,27,81,48,15,30.09,29.85,29.71,10,9,7,16,8,28,0, 
2014-02-21,72,57,41,33,27,22,67,43,19,30.21,30.11,30.03,10,10,10,14,5,20,0, 
2014-02-22,77,63,48,57,46,30,73,53,32,30.05,29.96,29.87,10,10,10,14,6,22,0, 
2014-02-23,86,74,62,61,56,44,84,57,29,30.05,29.95,29.88,10,10,7,15,4,24,0, 
2014-02-24,76,66,55,63,51,43,81,65,49,30.1,30.04,29.99,10,9,5,12,4,18,0, 
2014-02-25,71,62,52,65,60,47,93,85,77,30.06,30.01,29.95,10,4,1,12,5,20,T,Rain
2014-02-26,52,44,36,46,33,21,83,63,43,30.26,30.18,30.06,10,8,2,20,8,29,0.11,Rain
2014-02-27,59,45,31,32,27,21,82,56,29,30.22,30.1,29.94,10,10,10,12,3,17,0, 
2014-02-28,80,62,44,50,46,35,83,60,37,29.92,29.85,29.75,10,10,7,13,6,21,0, 
2014-03-01,82,68,53,65,57,48,93,74,54,30.02,29.95,29.87,10,7,0,16,5,27,0,Fog
2014-03-02,73,51,28,67,45,20,89,79,69,30.31,30.05,29.88,10,8,2,20,10,37,0.08,Rain
2014-03-03,47,36,24,27,20,12,75,56,37,30.44,30.33,30.25,10,9,4,18,10,29,0.08,"Rain , Thunderstorm"
2014-03-04,50,40,30,36,31,26,92,72,52,30.31,30.18,30.06,10,8,2,9,4,13,0.17,Rain
2014-03-05,53,46,38,43,39,35,86,76,66,30.18,30.06,29.99,10,7,4,13,3,16,0, 
2014-03-06,65,54,43,42,38,35,89,62,34,30.28,30.18,30.08,10,8,4,13,4,20,0, 
2014-03-07,67,53,39,50,42,36,86,65,44,30.1,29.99,29.88,10,9,5,16,6,22,0, 
2014-03-08,59,52,44,57,49,39,93,88,83,30.3,30.09,29.9,10,3,1,14,4,21,0.74,"Rain , Thunderstorm"
2014-03-09,58,49,39,45,39,31,86,71,55,30.37,30.29,30.22,10,9,2,15,5,23,0.11,Rain
2014-03-10,71,61,50,56,51,45,84,69,53,30.25,30.08,29.94,10,9,4,12,3,17,0.01,Rain
2014-03-11,83,70,56,56,54,52,93,66,39,29.93,29.77,29.58,10,9,4,14,5,22,0, 
2014-03-12,70,60,49,50,28,16,56,36,16,30.3,30.13,29.73,10,10,10,24,11,37,0, 
2014-03-13,68,52,37,40,26,20,68,35,21,30.37,30.26,30.12,10,10,10,9,4,18,0, 
2014-03-14,75,62,49,59,51,43,86,68,49,30.11,30.04,29.95,10,10,10,13,5,24,0, 
2014-03-15,74,68,62,64,62,59,93,81,68,29.97,29.86,29.68,10,5,0,12,4,17,0.07,"Fog , Rain"
2014-03-16,64,56,48,58,45,32,93,66,39,30.07,29.9,29.7,10,10,10,24,11,36,0, 
2014-03-17,68,55,41,31,26,20,53,36,18,30.06,29.94,29.78,10,10,10,16,6,26,0, 
2014-03-18,83,65,47,56,42,31,73,49,24,29.83,29.74,29.67,10,10,10,18,8,26,0, 
2014-03-19,72,62,51,55,37,28,80,52,24,30.21,30.07,29.88,10,9,6,15,6,26,0, 
2014-03-20,76,59,42,40,36,31,82,52,21,30.25,30.15,30.04,10,10,10,10,2,15,0, 
2014-03-21,80,67,54,60,54,41,93,69,45,30.03,29.95,29.83,10,8,0,17,7,27,0,Fog
2014-03-22,77,69,61,65,62,51,100,80,60,30.02,29.95,29.88,10,7,1,12,4,17,0, 
2014-03-23,61,54,47,51,43,36,72,62,51,30.27,30.19,30.05,10,10,9,17,9,30,0, 
2014-03-24,66,58,50,47,42,38,72,58,44,30.24,30.14,30.03,10,10,10,10,3,15,0, 
2014-03-25,69,57,44,46,38,31,93,61,28,30.35,30.24,30.14,10,10,7,15,5,22,0, 
2014-03-26,66,60,54,55,47,30,78,57,36,30.2,30.08,29.95,10,10,6,22,10,33,T,Rain
2014-03-27,82,72,61,68,63,56,100,78,55,29.95,29.83,29.73,10,7,1,16,8,26,0.01,Rain
2014-03-28,89,76,63,67,61,49,90,64,37,30,29.79,29.7,10,8,2,18,5,27,0,Thunderstorm
2014-03-29,77,64,51,48,40,30,68,43,18,30.28,30.18,30.04,10,10,10,13,5,21,0, 
2014-03-30,79,62,45,51,43,38,83,56,29,30.22,30.13,30.01,10,10,10,20,8,30,0, 
2014-03-31,85,73,60,62,57,53,90,65,40,30.01,29.93,29.83,10,10,10,16,9,27,0, 
2014-04-01,86,76,66,67,64,62,93,71,48,29.99,29.92,29.82,10,8,4,17,8,28,0, 
2014-04-02,82,76,70,69,67,63,97,78,58,29.9,29.8,29.69,10,9,4,16,9,30,T,Rain
2014-04-03,82,77,71,69,67,66,90,74,58,29.81,29.74,29.66,10,8,5,14,7,25,T, 
2014-04-04,74,64,54,69,35,28,93,58,22,30.14,30.03,29.82,10,10,5,17,8,28,T,Rain
2014-04-05,65,60,54,46,38,33,60,48,36,30.08,29.99,29.88,10,10,10,10,4,17,T, 
2014-04-06,61,57,52,51,49,45,96,76,55,29.89,29.81,29.75,10,7,2,12,5,19,0.2,"Rain , Thunderstorm"
2014-04-07,72,62,52,51,49,47,93,69,44,30.05,29.92,29.83,10,9,2,25,3,57,0.27,"Rain , Thunderstorm"
2014-04-08,77,64,50,50,38,27,96,57,18,30.2,30.14,30.05,10,10,10,22,8,37,0, 
2014-04-09,84,65,45,51,42,37,77,51,24,30.27,30.17,30.06,10,10,10,13,6,22,0, 
2014-04-10,87,72,57,59,53,48,90,59,27,30.11,30.01,29.91,10,10,10,17,10,31,0, 
2014-04-11,85,73,61,61,59,56,90,65,40,30.04,29.98,29.88,10,10,7,16,8,25,0, 
2014-04-12,85,75,65,63,62,60,87,66,44,29.99,29.91,29.8,10,10,9,20,10,30,0, 
2014-04-13,78,73,68,68,66,61,90,79,67,29.85,29.76,29.62,10,9,8,18,7,29,T, 
2014-04-14,73,58,43,69,46,32,90,65,39,30.27,29.96,29.67,10,8,0,22,10,38,1.34,"Fog , Rain , Thunderstorm"
2014-04-15,65,52,39,32,25,16,59,39,19,30.38,30.27,30.15,10,10,10,12,4,17,0, 
2014-04-16,73,57,40,48,40,31,76,56,35,30.15,30.06,29.95,10,10,10,16,7,26,0, 
2014-04-17,67,62,56,61,57,49,97,85,72,30.17,30.09,29.99,10,7,1,10,4,15,0.06,Rain
2014-04-18,78,69,59,61,57,51,93,68,43,30.23,30.17,30.09,10,6,2,9,2,16,0.01,Rain
2014-04-19,78,66,54,56,54,52,93,68,43,30.18,30.12,30.05,10,9,4,13,5,19,0, 
2014-04-20,75,68,61,63,59,55,97,77,57,30.15,30.1,30.02,10,8,2,12,6,19,0, 
2014-04-21,84,74,64,65,63,57,93,72,51,30.07,30.01,29.9,10,9,2,14,5,25,0.01,"Rain , Thunderstorm"
2014-04-22,87,75,63,63,58,55,87,61,35,30.03,29.96,29.9,10,10,10,12,3,20,0, 
2014-04-23,87,73,59,64,61,57,90,68,46,29.93,29.85,29.75,10,10,10,17,7,29,0, 
2014-04-24,88,78,67,66,62,44,87,63,38,29.91,29.82,29.76,10,10,9,16,5,26,0, 
2014-04-25,88,76,63,64,54,45,68,51,34,30.01,29.92,29.84,10,10,10,12,6,20,0, 
2014-04-26,86,77,68,69,66,62,90,73,55,29.87,29.78,29.64,10,6,2,16,8,28,T,Rain
2014-04-27,96,85,73,70,66,41,87,51,15,29.63,29.55,29.44,10,6,3,14,6,24,0, 
2014-04-28,93,80,66,69,39,25,67,39,10,29.7,29.61,29.55,10,10,7,14,4,22,0, 
2014-04-29,84,72,60,46,34,22,60,36,11,29.96,29.77,29.6,10,10,10,17,7,28,0, 
2014-04-30,75,66,57,38,33,31,42,32,21,30.17,30.08,29.98,10,10,10,16,6,28,0, 
2014-05-01,77,65,52,43,33,25,63,39,15,30.19,30.12,30.01,10,10,10,10,3,18,0, 
2014-05-02,83,70,56,40,35,27,51,33,14,30.09,30.02,29.94,10,10,10,9,3,17,0, 
2014-05-03,94,76,58,42,35,26,44,27,10,30.06,30,29.95,10,10,10,13,4,20,0, 
2014-05-04,91,76,61,42,37,32,37,27,16,30.09,30.02,29.94,10,10,10,14,7,23,0, 
2014-05-05,92,76,60,59,56,44,90,61,32,30.01,29.91,29.79,10,10,10,16,8,27,0, 
2014-05-06,87,76,65,64,62,57,87,66,45,29.87,29.81,29.72,10,10,10,17,9,29,0, 
2014-05-07,88,79,70,67,64,62,84,65,46,29.88,29.81,29.75,10,10,10,18,9,31,0, 
2014-05-08,84,79,73,73,70,67,84,75,65,29.87,29.81,29.74,10,6,2,17,8,30,0.06,Rain
2014-05-09,86,76,66,71,68,58,87,69,50,29.96,29.89,29.77,10,5,1,20,5,39,T,"Rain , Thunderstorm"
2014-05-10,91,76,60,66,62,58,97,71,44,29.92,29.84,29.75,10,10,5,16,6,23,0, 
2014-05-11,93,83,72,68,67,65,84,63,41,29.84,29.77,29.66,10,9,4,18,10,30,0, 
2014-05-12,82,72,62,76,70,61,94,87,79,29.95,29.84,29.74,10,5,0,18,7,26,2.45,"Fog , Rain , Thunderstorm"
2014-05-13,67,61,55,60,54,48,93,73,52,30.25,30.09,29.92,10,8,2,16,8,31,0.94,"Rain , Thunderstorm"
2014-05-14,76,64,51,51,43,32,93,57,21,30.29,30.24,30.17,10,10,5,17,7,28,0.14,Rain
2014-05-15,84,65,46,47,41,33,93,55,17,30.3,30.22,30.11,10,10,10,10,3,17,0, 
2014-05-16,86,74,61,48,43,36,60,40,20,30.14,30.06,29.96,10,10,10,15,7,27,0, 
2014-05-17,86,73,60,59,55,47,84,58,32,30.02,29.97,29.9,10,10,10,17,9,26,0, 
2014-05-18,85,74,62,61,59,57,93,67,40,30.09,30.03,29.96,10,10,8,16,8,24,0, 
2014-05-19,86,76,66,64,61,57,87,65,43,30.07,30,29.94,10,10,10,18,10,27,0, 
2014-05-20,89,78,67,65,62,59,84,63,42,30.08,30.01,29.96,10,10,10,14,9,26,0, 
2014-05-21,89,80,70,66,64,61,84,61,38,30.1,30.02,29.96,10,10,10,16,8,27,0, 
2014-05-22,87,79,70,68,65,61,90,70,50,30.11,30.05,29.96,10,10,7,15,7,25,T, 
2014-05-23,84,78,71,71,67,62,84,69,54,30.09,30.03,29.96,10,8,0,14,6,20,0.19,"Fog , Rain"
2014-05-24,86,78,70,70,68,66,97,79,61,30.06,29.99,29.89,10,9,7,15,7,23,T, 
2014-05-25,87,80,72,67,66,63,84,66,48,30.07,29.98,29.89,10,10,10,15,6,24,T,Thunderstorm
2014-05-26,75,70,64,70,65,61,93,83,73,30.09,30,29.94,10,8,1,17,5,29,1.56,"Rain , Thunderstorm"
2014-05-27,73,68,63,67,64,61,93,86,79,30.03,29.95,29.86,10,6,0,22,3,31,1.75,"Fog , Rain , Thunderstorm"
2014-05-28,84,76,68,68,66,62,97,74,51,29.94,29.88,29.83,10,7,2,14,4,22,0, 
2014-05-29,89,78,66,65,63,61,93,66,38,29.89,29.85,29.79,10,10,10,9,2,15,0, 
2014-05-30,94,81,68,67,65,60,84,60,36,29.86,29.82,29.78,10,10,10,9,3,17,0, 
2014-05-31,93,82,70,69,67,65,84,63,41,29.89,29.85,29.82,10,10,10,10,3,20,0, 
2014-06-01,88,80,71,71,69,63,93,69,45,29.97,29.9,29.83,10,8,2,14,4,20,0, 
2014-06-02,91,83,74,71,69,67,87,67,47,29.97,29.91,29.86,10,10,8,13,7,22,0, 
2014-06-03,90,83,75,72,70,68,82,67,52,30.03,29.96,29.88,10,10,10,10,6,17,T, 
2014-06-04,91,83,74,71,70,68,87,70,52,29.93,29.86,29.79,10,10,10,12,7,21,0, 
2014-06-05,91,83,74,72,70,68,87,72,56,29.87,29.82,29.78,10,10,10,14,7,22,0, 
2014-06-06,92,83,73,71,70,69,87,70,52,29.97,29.88,29.83,10,10,9,14,7,25,0, 
2014-06-07,92,83,74,72,70,67,93,71,49,29.97,29.89,29.81,10,10,10,14,7,26,0, 
2014-06-08,90,83,76,72,70,64,87,67,46,29.99,29.88,29.76,10,10,5,16,7,27,T,Rain
2014-06-09,86,77,68,75,71,66,91,78,65,29.92,29.81,29.75,10,8,1,14,4,22,0.55,"Rain , Thunderstorm"
2014-06-10,92,78,64,70,61,56,97,64,30,29.9,29.85,29.81,10,10,9,13,3,20,0, 
2014-06-11,94,80,66,73,66,62,87,64,41,29.89,29.83,29.74,10,10,10,14,5,21,0, 
2014-06-12,92,80,68,74,72,67,79,68,56,29.98,29.82,29.71,10,9,1,24,8,47,1.49,"Rain , Thunderstorm"
2014-06-13,89,79,68,-,-,-,95,75,55,30.01,29.95,29.87,-,-,-,15,4,22,0, 
2014-06-14,87,92,73,-,-,-,95,77,59,29.99,29.93,29.84,-,-,-,15,6,22,0, 
2014-06-15,91,83,74,-,-,-,-,-,-,29.98,29.9,29.87,-,-,-,14,9,23,0, 
2014-06-16,92,84,75,-,-,-,94,72,49,30.05,29.99,29.93,-,-,-,12,8,24,T, 
2014-06-17,92,84,75,72,69,66,88,69,49,30.04,29.99,29.92,10,10,10,12,9,22,0, 
2014-06-18,92,85,77,75,72,67,91,68,44,30.03,29.96,29.88,10,9,4,16,9,26,0.02,Rain
2014-06-19,91,84,76,74,71,66,88,68,47,30.05,30,29.94,10,10,10,13,6,22,0.01, 
2014-06-20,91,83,75,73,71,67,88,69,50,30.11,30.04,29.96,10,10,9,13,5,19,0, 
2014-06-21,92,84,75,74,72,68,94,72,49,30.07,29.99,29.87,10,10,8,15,6,21,T, 
2014-06-22,90,83,76,74,72,68,85,70,55,29.96,29.9,29.82,10,9,8,13,8,22,T, 
2014-06-23,88,78,68,75,72,66,88,75,61,30.04,29.93,29.83,10,8,1,16,4,26,0.27,"Rain , Thunderstorm"
2014-06-24,93,84,74,74,72,69,94,72,49,30.05,30,29.94,10,9,0,22,4,35,0.24,"Fog , Rain , Thunderstorm"
2014-06-25,89,80,71,76,72,68,94,77,59,30.07,30.01,29.92,10,8,0,16,5,24,0.49,"Fog , Rain , Thunderstorm"
2014-06-26,88,80,71,75,71,69,94,76,57,30.02,29.95,29.85,10,10,6,15,7,24,0.01,Rain
2014-06-27,91,83,75,74,72,70,88,69,49,29.93,29.87,29.79,10,10,8,17,8,32,T, 
2014-06-28,93,86,78,74,73,71,85,69,52,29.97,29.88,29.83,10,10,8,16,9,27,T, 
2014-06-29,95,86,77,74,73,70,88,69,49,30.04,29.97,29.91,10,9,7,17,9,27,0, 
2014-06-30,96,87,77,74,71,67,88,64,39,30.03,29.94,29.86,10,9,7,17,8,27,0, 
2014-07-01,96,86,75,73,70,66,88,64,39,29.98,29.92,29.87,10,10,7,15,6,22,0, 
2014-07-02,97,85,73,73,69,64,93,64,35,30.06,30,29.96,10,10,6,14,4,18,0, 
2014-07-03,96,84,72,71,69,61,93,62,30,30.13,30.08,30.01,10,10,6,20,3,29,0.07,"Rain , Thunderstorm"
2014-07-04,93,82,71,70,68,59,93,67,41,30.22,30.15,30.1,10,10,9,16,4,23,0,Thunderstorm
2014-07-05,94,82,69,71,69,67,93,70,46,30.19,30.12,30.05,10,10,5,18,4,30,0, 
2014-07-06,95,84,72,73,70,66,100,72,44,30.1,30.03,29.91,10,8,3,13,5,20,0, 
2014-07-07,96,85,73,70,67,63,87,61,34,30.01,29.97,29.91,10,10,10,13,5,19,0, 
2014-07-08,98,86,74,73,68,61,93,63,33,30.04,29.99,29.95,10,10,10,13,7,21,0, 
2014-07-09,98,85,72,72,66,57,90,59,27,30.07,30,29.93,10,10,8,14,6,23,0, 
2014-07-10,96,84,72,71,68,63,93,64,34,30.11,30.01,29.94,10,10,7,14,5,24,0, 
2014-07-11,95,83,71,72,67,56,90,60,30,30.15,30.09,30.03,10,10,10,13,5,22,0, 
2014-07-12,98,85,71,71,66,56,93,59,25,30.19,30.1,30.01,10,9,7,13,4,20,0, 
2014-07-13,100,87,74,71,67,62,93,63,33,30.09,30.03,29.96,10,10,10,13,4,17,0, 
2014-07-14,101,88,75,71,67,59,82,55,28,30.03,29.96,29.87,10,10,10,10,4,16,0, 
2014-07-15,92,83,73,73,71,69,93,71,49,30.01,29.96,29.91,10,10,8,15,3,23,0.06,"Rain , Thunderstorm"
2014-07-16,95,84,73,74,71,68,93,68,43,30.03,29.95,29.83,10,8,1,15,4,22,0.31,"Rain , Thunderstorm"
2014-07-17,89,82,74,76,74,70,94,77,59,29.92,29.86,29.76,10,7,0,13,5,19,3.53,"Fog , Rain , Thunderstorm"
2014-07-18,78,75,72,74,71,68,100,87,74,30.01,29.93,29.87,10,7,1,14,3,27,1.52,"Rain , Thunderstorm"
2014-07-19,86,78,70,70,68,66,90,76,61,30.03,29.99,29.93,10,9,6,8,2,11,0, 
2014-07-20,94,84,74,76,72,70,93,73,52,30.04,29.96,29.88,10,9,7,12,4,18,0, 
2014-07-21,96,87,77,76,73,70,94,70,46,30.05,29.97,29.9,10,9,5,10,6,20,0, 
2014-07-22,96,86,76,74,72,68,94,68,42,30.08,30.01,29.95,10,10,8,8,2,14,0, 
2014-07-23,97,86,75,75,71,66,94,66,38,30.05,30,29.94,10,9,6,7,3,14,0, 
2014-07-24,94,84,74,77,72,68,94,70,46,30.08,29.99,29.9,10,8,2,8,3,12,0.09,Rain
2014-07-25,96,86,75,73,70,66,87,63,39,30.02,29.96,29.89,10,10,10,12,5,18,0, 
2014-07-26,98,87,76,74,71,67,94,66,38,30.01,29.95,29.88,10,10,8,15,6,25,0, 
2014-07-27,98,87,75,74,71,65,94,64,33,30.08,30,29.94,10,10,9,13,6,22,0, 
2014-07-28,99,87,74,73,69,63,93,62,31,30.13,30.05,29.98,10,10,8,9,3,15,0, 
2014-07-29,97,87,76,72,70,66,87,63,38,30.08,30.03,29.99,10,10,10,13,4,23,0, 
2014-07-30,96,86,76,72,68,60,87,60,33,30.06,29.97,29.86,10,10,10,14,6,22,0, 
2014-07-31,97,87,77,73,71,64,85,64,42,30.01,29.94,29.86,10,10,10,13,4,19,0, 
2014-08-01,91,82,73,67,65,64,74,59,44,30.01,29.98,29.93,10,10,10,12,5,18,0, 
2014-08-02,90,79,68,68,66,64,93,70,46,30.1,30.02,29.96,10,10,10,10,3,18,0, 
2014-08-03,94,83,71,69,66,65,84,62,39,30.08,30,29.92,10,10,9,13,4,19,0, 
2014-08-04,94,83,72,72,69,65,87,66,44,30.06,29.98,29.92,10,9,7,13,3,20,0, 
2014-08-05,97,85,73,71,68,64,87,61,35,30.06,29.99,29.93,10,10,8,13,3,22,0, 
2014-08-06,99,88,76,73,68,61,94,64,33,30.06,29.96,29.86,10,10,9,13,5,20,0, 
2014-08-07,102,90,77,74,71,63,88,59,29,29.99,29.9,29.78,10,8,5,13,6,25,0, 
2014-08-08,102,89,76,75,70,62,91,60,29,30,29.89,29.82,10,10,10,13,6,22,0, 
2014-08-09,100,89,77,74,68,62,88,60,31,30,29.94,29.85,10,10,10,13,5,18,0, 
2014-08-10,101,89,77,74,69,61,88,58,27,30.01,29.96,29.87,10,10,10,13,4,19,0, 
2014-08-11,102,89,76,75,71,66,91,62,33,30.07,30,29.94,10,10,2,13,3,23,0.05,"Rain , Thunderstorm"
2014-08-12,100,87,73,73,66,53,94,62,29,30.05,29.99,29.92,10,10,10,12,4,17,0, 
2014-08-13,97,83,69,60,57,51,66,45,24,30.06,30.01,29.95,10,10,10,12,4,20,0, 
2014-08-14,98,84,70,68,61,56,73,50,27,30.03,29.97,29.89,10,10,10,9,4,16,0, 
2014-08-15,101,88,75,74,69,60,88,58,27,30.05,29.95,29.82,10,10,10,13,5,19,0, 
2014-08-16,104,91,77,74,69,60,88,57,25,29.95,29.88,29.81,10,10,10,14,7,24,0, 
2014-08-17,101,90,79,74,71,59,85,56,27,30.02,29.92,29.84,10,10,10,16,6,24,0, 
2014-08-18,102,90,78,75,71,64,85,59,33,29.99,29.9,29.78,10,10,9,15,7,24,0, 
2014-08-19,96,87,77,72,68,62,76,55,34,29.93,29.87,29.78,10,10,9,16,7,25,0,Thunderstorm
2014-08-20,102,90,78,75,71,63,85,57,29,30,29.92,29.83,10,10,8,17,8,29,0, 
2014-08-21,103,92,80,75,71,61,85,55,25,30.06,29.98,29.91,10,10,10,17,9,27,0, 
2014-08-22,103,91,79,74,69,59,85,55,25,30.08,29.99,29.91,10,10,10,15,8,23,0, 
2014-08-23,101,88,75,73,69,62,94,62,29,30.04,29.94,29.84,10,10,9,14,6,21,0, 
2014-08-24,101,89,77,74,70,62,88,59,29,29.98,29.9,29.81,10,10,10,13,5,18,0, 
2014-08-25,101,89,76,73,67,60,88,59,29,29.97,29.9,29.81,10,10,10,10,5,15,0, 
2014-08-26,101,89,77,71,68,62,71,52,33,29.98,29.93,29.89,10,10,8,14,4,23,T,"Rain , Thunderstorm"
2014-08-27,98,87,76,72,66,56,87,58,29,30.06,29.96,29.88,10,10,10,10,4,17,0, 
2014-08-28,99,88,76,73,71,68,82,61,40,29.97,29.89,29.81,10,10,10,17,5,26,0, 
2014-08-29,96,87,77,75,72,67,88,64,39,29.92,29.87,29.77,10,10,2,15,5,23,0.07,"Rain , Thunderstorm"
2014-08-30,95,85,74,73,72,66,94,69,44,29.98,29.91,29.83,10,10,10,13,4,24,0, 
2014-08-31,99,87,74,73,72,68,94,68,42,30.01,29.93,29.85,10,10,10,15,7,26,0, 
2014-09-01,101,90,78,75,72,65,91,62,33,29.96,29.9,29.8,10,10,7,15,8,25,0, 
2014-09-02,98,88,78,75,73,68,91,66,40,29.97,29.91,29.84,10,10,10,17,8,32,0.01, 
2014-09-03,100,88,76,74,70,62,88,61,33,30.02,29.95,29.88,10,10,10,17,6,26,0, 
2014-09-04,99,86,73,77,74,67,91,65,38,30.07,30,29.94,10,8,0,28,5,37,0.98,"Fog , Rain , Thunderstorm"
2014-09-05,97,87,77,75,73,65,91,63,35,30.1,30.02,29.91,10,10,10,13,4,21,0.02,Rain
2014-09-06,97,86,74,75,71,66,94,67,39,30.08,30.01,29.9,10,10,2,13,3,20,0.19,"Rain , Thunderstorm"
2014-09-07,89,82,74,74,72,69,100,78,55,30.09,30.04,29.94,10,8,2,8,3,13,0.22,"Rain , Thunderstorm"
2014-09-08,96,84,72,71,69,66,100,70,39,30.03,29.97,29.89,10,10,8,12,3,15,0, 
2014-09-09,97,86,74,73,69,65,87,63,38,29.98,29.9,29.81,10,10,10,13,6,20,0, 
2014-09-10,99,88,77,73,71,66,88,63,38,29.9,29.83,29.75,10,10,10,14,7,25,0, 
2014-09-11,99,89,78,75,71,64,85,60,35,29.97,29.89,29.81,10,10,10,10,5,19,0, 
2014-09-12,96,81,66,74,70,62,94,67,39,30.15,30,29.91,10,9,1,15,5,24,0.51,"Rain , Thunderstorm"
2014-09-13,66,63,60,63,60,57,100,92,84,30.24,30.19,30.1,10,5,1,14,5,24,0.68,Rain
2014-09-14,77,71,64,67,64,62,100,87,73,30.23,30.16,30.1,10,8,3,7,2,10,0, 
2014-09-15,88,79,69,70,68,67,97,76,55,30.13,30.09,30.02,10,9,6,8,2,13,0, 
2014-09-16,94,84,74,74,72,69,94,70,46,30.07,30.01,29.9,10,10,6,18,3,28,0.02,"Rain , Thunderstorm"
2014-09-17,91,83,75,75,74,71,94,75,56,30.02,29.93,29.81,10,9,2,14,3,20,0.35,"Rain , Thunderstorm"
2014-09-18,90,81,72,75,73,70,100,78,56,29.93,29.88,29.79,10,7,0,25,2,33,3.66,"Fog , Rain , Thunderstorm"
2014-09-19,86,80,74,75,74,71,100,85,69,29.95,29.89,29.84,10,8,2,10,3,14,0.13,Rain
2014-09-20,90,82,74,75,73,70,100,78,55,30,29.94,29.88,10,9,1,9,3,15,0.21,Rain
2014-09-21,90,81,72,73,70,64,94,71,47,30.06,30.01,29.96,10,10,10,10,3,15,0, 
2014-09-22,91,81,70,70,68,66,90,69,47,30.12,30.07,30.01,10,10,10,9,4,16,0, 
2014-09-23,85,76,67,66,58,55,74,57,40,30.15,30.09,30.04,10,10,10,8,3,12,0, 
2014-09-24,84,72,60,60,56,51,90,64,37,30.16,30.1,30.07,10,10,10,9,2,16,0, 
2014-09-25,83,73,62,66,62,57,90,74,58,30.14,30.1,30.07,10,10,8,13,3,20,T, 
2014-09-26,85,76,66,67,64,63,87,71,54,30.15,30.06,29.99,10,10,10,10,3,15,0, 
2014-09-27,80,74,68,69,66,64,93,78,62,30.05,30,29.95,10,10,8,9,2,14,T,Rain
2014-09-28,88,77,66,67,65,62,100,72,43,30.04,29.98,29.92,10,8,3,12,3,15,0, 
2014-09-29,89,78,67,68,64,61,93,68,43,29.99,29.92,29.87,10,10,10,8,2,12,0, 
2014-09-30,90,78,65,70,65,63,93,70,47,29.88,29.83,29.75,10,10,10,9,2,14,0, 
2014-10-01,92,84,76,73,70,63,88,68,47,29.87,29.79,29.72,10,10,10,10,5,18,0, 
2014-10-02,92,84,76,75,72,59,91,72,52,29.93,29.82,29.75,10,9,4,14,7,27,0.03,"Rain , Thunderstorm"
2014-10-03,85,75,65,59,51,45,63,44,25,30.19,30.06,29.94,10,10,10,14,7,22,0,Thunderstorm
2014-10-04,80,70,59,53,48,41,72,51,29,30.23,30.12,29.98,10,10,10,9,4,14,0, 
2014-10-05,87,75,62,67,62,56,93,69,44,29.98,29.9,29.79,10,10,10,14,6,23,0, 
2014-10-06,89,81,72,71,69,66,93,73,53,29.93,29.86,29.82,10,10,10,13,6,20,0, 
2014-10-07,94,83,72,73,70,64,93,67,41,29.99,29.92,29.86,10,9,5,13,5,21,0, 
2014-10-08,90,82,74,72,70,65,93,70,46,30.06,29.98,29.9,10,10,10,15,6,23,0, 
2014-10-09,92,84,75,73,71,66,94,69,44,30.01,29.93,29.83,10,10,9,14,7,22,T,Rain
2014-10-10,92,84,75,73,70,65,87,66,44,29.95,29.89,29.81,10,10,10,14,7,24,0, 
2014-10-11,78,69,59,72,62,55,97,85,73,30.12,30.04,29.88,10,7,0,14,5,20,1.42,"Fog , Rain"
2014-10-12,77,69,61,72,63,55,93,86,78,30.04,29.88,29.72,10,9,7,13,2,24,0.01,"Rain , Thunderstorm"
2014-10-13,76,69,61,72,59,46,87,63,38,30.04,29.8,29.65,10,10,2,20,10,36,0.09,"Rain , Thunderstorm"
2014-10-14,80,66,51,48,43,37,77,49,21,30.17,30.09,30.03,10,10,10,14,5,20,0, 
2014-10-15,88,72,56,51,46,40,72,46,20,30.13,30.06,29.99,10,10,10,9,2,16,0, 
2014-10-16,86,72,57,54,49,44,72,50,27,30,29.94,29.87,10,10,10,13,4,23,0, 
2014-10-17,87,74,61,64,60,54,97,69,40,29.95,29.9,29.86,10,10,10,13,3,17,0, 
2014-10-18,86,76,66,69,64,60,90,67,44,30.06,30,29.93,10,10,5,9,2,12,0, 
2014-10-19,82,74,65,66,63,61,93,74,54,30.12,30.06,30,10,10,6,8,2,15,0, 
2014-10-20,82,73,63,64,61,58,100,73,45,30.08,30.02,29.98,10,9,4,8,2,13,0, 
2014-10-21,83,71,58,61,55,46,93,61,28,30.09,30.03,29.98,10,9,6,10,3,16,0, 
2014-10-22,83,72,61,62,59,56,84,67,49,30.12,30.06,30.03,10,10,10,9,2,14,T,Rain
2014-10-23,83,75,66,62,59,57,81,64,46,30.14,30.09,30.04,10,10,10,8,2,11,T,Rain
2014-10-24,85,73,60,61,59,56,84,64,44,30.17,30.12,30.06,10,10,10,7,2,9,0, 
2014-10-25,88,75,62,61,59,57,84,62,39,30.17,30.11,30.06,10,10,10,8,2,12,0, 
2014-10-26,86,74,61,61,58,52,90,62,34,30.06,29.98,29.9,10,10,8,12,4,19,0, 
2014-10-27,86,74,62,65,61,58,93,67,40,29.94,29.89,29.81,10,10,10,14,6,23,0, 
2014-10-28,84,75,65,68,65,63,93,74,55,30.06,29.99,29.89,10,10,10,8,2,12,0, 
2014-10-29,81,73,65,63,62,60,81,68,54,30.16,30.1,30.06,10,10,10,10,3,14,0, 
2014-10-30,82,73,63,61,59,54,93,72,51,30.18,30.1,30.03,10,10,9,8,2,10,T,Rain
2014-10-31,76,66,56,61,49,39,93,60,27,30.32,30.22,30.11,10,9,2,16,7,25,0.3,Rain
2014-11-01,68,58,47,43,39,37,71,54,37,30.43,30.34,30.28,10,10,10,9,5,14,0, 
2014-11-02,75,62,48,52,45,39,80,61,41,30.34,30.26,30.18,10,10,10,15,6,25,0, 
2014-11-03,76,68,59,63,59,52,84,72,60,30.18,30.12,30.07,10,10,10,14,6,23,T, 
2014-11-04,75,67,58,69,63,57,100,87,73,30.18,30.09,30.01,10,8,2,17,5,28,0.56,Rain
2014-11-05,59,57,55,58,56,54,100,97,93,30.23,30.16,30.08,10,6,2,13,6,20,1.51,Rain
2014-11-06,63,59,55,56,51,46,93,75,56,30.35,30.28,30.22,10,10,5,10,4,17,0.04,Rain
2014-11-07,71,60,48,49,41,34,80,53,26,30.3,30.19,30.06,10,10,10,7,2,11,0, 
2014-11-08,75,62,48,52,47,41,93,67,41,30.18,30.1,30.04,10,10,10,15,4,25,0, 
2014-11-09,74,61,47,45,43,40,86,59,31,30.19,30.07,29.92,10,10,10,8,3,13,0, 
2014-11-10,76,63,49,61,53,43,93,70,46,29.92,29.83,29.74,10,10,10,17,6,31,0, 
2014-11-11,65,54,42,62,41,29,93,67,40,30.23,30.03,29.78,10,10,9,17,7,32,0, 
2014-11-12,51,44,36,29,23,16,64,50,36,30.46,30.34,30.25,10,10,10,16,9,27,0, 
2014-11-13,41,36,31,17,13,9,58,43,27,30.58,30.52,30.46,10,10,10,17,8,28,0, 
2014-11-14,45,38,30,23,17,12,58,44,30,30.5,30.4,30.3,10,10,10,8,3,11,0, 
2014-11-15,48,44,40,47,39,23,100,72,43,30.28,30.14,30.03,10,5,1,10,4,15,0.02,Rain
2014-11-16,50,42,34,49,45,28,100,91,82,30.25,30,29.92,10,4,0,17,6,28,0.01,"Fog , Rain"
2014-11-17,53,42,30,27,21,14,82,52,22,30.5,30.4,30.25,10,10,10,16,6,26,0, 
2014-11-18,56,43,30,27,23,19,78,51,24,30.57,30.48,30.42,10,10,3,10,2,15,0, 
2014-11-19,69,51,33,45,38,23,86,64,42,30.4,30.27,30.17,10,10,10,13,3,22,0, 
2014-11-20,70,57,44,63,57,43,100,85,70,30.17,30.08,30.02,10,8,0,12,3,16,0.01,"Fog , Rain"
2014-11-21,74,68,62,69,65,62,100,90,79,30.12,30.05,29.99,10,6,0,13,5,20,0.33,"Fog , Rain"
2014-11-22,67,63,58,64,62,56,100,97,93,30.07,29.86,29.7,10,6,0,20,7,28,3.33,"Fog , Rain , Thunderstorm"
2014-11-23,81,67,53,57,48,39,100,62,23,29.84,29.64,29.51,10,10,10,16,5,27,0, 
2014-11-24,66,53,40,39,32,19,76,47,18,30.2,30.06,29.88,10,10,10,15,5,28,0, 
2014-11-25,67,53,38,38,33,25,85,53,20,30.37,30.26,30.2,10,10,10,9,3,16,0, 
2014-11-26,77,60,42,37,33,27,62,40,18,30.36,30.22,30.14,10,10,10,10,3,17,0, 
2014-11-27,64,53,42,37,33,27,76,52,27,30.56,30.45,30.37,10,10,10,10,4,16,0, 
2014-11-28,72,57,42,54,45,35,82,62,41,30.38,30.24,30.09,10,10,10,14,4,24,0, 
2014-11-29,73,65,56,61,57,52,93,75,57,30.07,30.02,29.95,10,10,10,16,7,31,0, 
2014-11-30,79,72,64,63,62,59,87,71,54,30.11,30.03,29.97,10,10,10,15,7,28,0, 
2014-12-01,66,54,41,63,42,22,93,69,45,30.47,30.31,30.11,10,10,8,17,6,30,0, 
2014-12-02,50,45,39,43,32,24,80,63,45,30.45,30.33,30.21,10,10,10,10,4,16,0, 
2014-12-03,59,54,48,55,50,43,100,88,75,30.23,30.18,30.14,10,7,2,7,1,10,0, 
2014-12-04,66,62,58,65,61,55,100,94,87,30.2,30.11,30.04,10,3,1,12,3,16,0.06,Rain
2014-12-05,75,69,63,66,64,59,100,82,64,30.18,30.08,30.03,10,8,2,12,5,20,0.01,Rain
2014-12-06,69,62,55,58,51,48,90,72,53,30.38,30.32,30.19,10,10,9,13,6,20,0, 
2014-12-07,56,54,52,50,48,46,89,83,77,30.4,30.33,30.27,10,10,9,9,4,14,0, 
2014-12-08,67,58,49,49,46,45,86,69,52,30.39,30.32,30.27,10,10,8,9,3,14,0, 
2014-12-09,69,56,43,49,45,42,100,70,39,30.38,30.31,30.24,10,8,2,8,1,11,0, 
2014-12-10,66,57,47,57,50,45,93,75,56,30.27,30.2,30.15,10,9,6,8,1,11,0.02,Rain
2014-12-11,67,62,57,59,57,55,97,85,73,30.24,30.18,30.14,10,7,2,9,5,16,0.04,Rain
2014-12-12,71,65,59,58,57,56,90,78,66,30.3,30.23,30.18,10,10,9,12,5,17,T,Rain
2014-12-13,74,65,55,59,57,54,100,79,57,30.24,30.15,30.06,10,9,5,14,5,21,0, 
2014-12-14,74,68,61,64,62,59,100,82,64,30.07,29.94,29.84,10,9,5,14,6,26,0.07,Rain
2014-12-15,74,63,52,64,51,32,93,58,23,30.2,29.99,29.89,10,10,7,12,5,19,0, 
2014-12-16,63,55,46,36,34,32,60,47,34,30.37,30.28,30.19,10,10,10,14,5,20,0, 
2014-12-17,53,51,48,51,44,35,96,75,54,30.27,30.14,30.05,10,8,2,15,4,22,0.1,"Rain , Thunderstorm"
2014-12-18,60,55,49,56,51,48,100,92,84,30.14,30.1,30.06,10,4,1,12,3,17,T, 
2014-12-19,57,53,48,50,48,44,100,89,77,30.21,30.12,30.06,10,7,1,13,7,19,0.59,"Rain , Thunderstorm"
2014-12-20,54,52,49,47,45,44,86,82,72,30.27,30.21,30.15,10,9,5,8,3,13,0, 
2014-12-21,56,53,50,52,49,46,93,83,72,30.18,30.02,29.85,10,9,5,10,5,20,0, 
2014-12-22,77,67,56,56,52,43,93,63,33,29.83,29.7,29.6,10,10,8,12,5,18,0, 
2014-12-23,59,51,43,44,40,34,77,66,55,30.02,29.81,29.63,10,10,10,18,8,31,T,Rain
2014-12-24,57,46,35,35,32,30,85,62,38,30.16,30.11,30.03,10,10,10,16,6,25,0, 
2014-12-25,65,49,33,47,33,28,96,61,26,30.12,30.05,29.97,10,10,10,16,6,30,0, 
2014-12-26,74,64,53,63,57,48,100,83,66,29.97,29.93,29.86,10,9,3,12,5,21,0.01,Rain
2014-12-27,66,54,41,63,49,32,93,79,65,30.29,30.09,29.92,10,8,5,16,8,24,0.03,Rain
2014-12-28,47,40,32,34,30,26,92,71,49,30.33,30.25,30.19,10,10,7,14,4,21,0.13,Rain
2014-12-29,67,49,30,42,36,29,92,68,43,30.21,30.14,30.06,10,10,10,10,2,15,0, 
2014-12-30,46,43,39,43,40,32,100,87,73,30.51,30.36,30.21,10,6,0,13,6,21,0,Fog
2014-12-31,42,39,36,31,29,27,76,70,64,30.57,30.48,30.41,10,10,9,14,8,21,T, 
2015-01-01,40,37,34,39,35,29,100,82,64,30.38,30.25,30.15,10,3,1,9,5,13,0.63,"Rain , Thunderstorm"
2015-01-02,43,41,38,41,39,37,100,95,89,30.19,30.08,29.96,10,4,2,12,5,18,0.2,"Rain , Thunderstorm"
2015-01-03,62,51,39,43,40,38,100,74,48,30.13,29.99,29.92,10,8,2,14,3,24,0.76,"Rain , Thunderstorm"
2015-01-04,51,43,35,41,30,22,100,69,38,30.69,30.48,30.16,10,10,10,16,7,26,0, 
2015-01-05,52,41,29,28,23,20,75,54,32,30.73,30.6,30.45,10,10,10,8,4,12,0, 
2015-01-06,71,54,36,37,32,28,76,50,23,30.46,30.38,30.3,10,10,10,9,2,13,0, 
2015-01-07,51,41,30,38,27,8,76,54,32,30.8,30.58,30.34,10,10,10,21,9,32,0, 
2015-01-08,36,30,23,23,12,5,56,48,39,30.79,30.54,30.3,10,10,10,15,5,23,T,Rain
2015-01-09,38,36,34,32,26,21,70,62,54,30.58,30.48,30.31,10,10,4,13,6,21,0.02,Rain
2015-01-10,36,34,32,34,31,19,100,76,52,30.56,30.42,30.31,10,4,2,8,3,13,0.3,"Rain , Thunderstorm"
2015-01-11,49,42,34,45,39,33,100,90,80,30.3,30.21,30.1,10,7,2,8,3,13,0.17,Rain
2015-01-12,46,43,40,45,41,36,100,88,76,30.44,30.28,30.15,10,5,0,14,5,20,0,Fog
2015-01-13,42,39,35,37,33,31,92,83,73,30.52,30.43,30.38,10,7,4,12,7,21,0, 
2015-01-14,40,39,38,38,36,34,92,86,79,30.41,30.33,30.26,8,4,2,9,5,15,0, 
2015-01-15,59,49,38,38,36,34,92,68,43,30.4,30.33,30.29,10,9,6,12,4,19,0, 
2015-01-16,64,51,38,41,38,35,92,64,36,30.4,30.29,30.18,10,10,10,8,3,12,0, 
2015-01-17,69,54,39,46,40,33,92,63,34,30.26,30.13,30.03,10,10,6,12,3,20,0, 
2015-01-18,72,59,46,34,30,26,53,37,20,30.38,30.28,30.2,10,10,10,10,3,15,0, 
2015-01-19,75,56,37,47,41,29,85,59,33,30.18,30.04,29.94,10,10,10,10,3,19,0, 
2015-01-20,80,61,41,51,44,39,89,59,28,30.04,29.94,29.85,10,10,7,12,3,19,0, 
2015-01-21,56,53,50,53,50,42,96,84,71,30.15,30.07,30.03,10,5,1,10,6,17,0.16,Rain
2015-01-22,52,47,41,51,46,38,100,91,82,30.27,30.07,29.98,10,4,1,20,10,32,2.07,Rain
2015-01-23,51,45,38,42,38,35,93,77,61,30.32,30.26,30.2,10,8,3,15,6,23,0.4,Rain
2015-01-24,63,50,36,41,36,31,92,62,32,30.28,30.2,30.09,10,10,10,13,4,21,0, 
2015-01-25,73,57,40,40,34,29,85,53,20,30.2,30.11,30.02,10,10,10,13,6,20,0, 
2015-01-26,74,60,46,43,37,32,61,43,25,30.29,30.21,30.15,10,10,10,10,5,17,0, 
2015-01-27,83,67,51,45,40,36,71,47,23,30.21,30.15,30.1,10,10,10,14,6,24,0, 
2015-01-28,81,62,42,49,42,37,96,60,23,30.18,30.12,30.06,10,10,10,14,4,22,0, 
2015-01-29,79,66,52,55,49,34,100,68,35,30.39,30.22,30.12,10,10,6,16,4,25,T, 
2015-01-30,58,53,48,39,36,33,63,52,40,30.46,30.37,30.28,10,10,10,14,6,23,T,Rain
2015-01-31,62,56,49,61,51,37,100,80,59,30.26,30.04,29.9,10,5,1,15,4,21,0.31,Rain
2015-02-01,73,59,44,61,54,30,100,77,53,30.27,29.98,29.88,10,8,4,17,7,28,0.02,Rain
2015-02-02,49,41,33,30,24,19,62,48,34,30.43,30.35,30.28,10,10,10,15,6,22,0, 
2015-02-03,43,42,40,42,37,28,96,76,55,30.36,30.27,30.21,10,6,2,8,2,11,0.26,Rain
2015-02-04,55,49,42,50,45,41,100,92,83,30.21,30.13,30.03,10,5,1,8,2,13,0.06,Rain
2015-02-05,52,45,38,48,35,31,92,77,62,30.48,30.38,30.22,10,10,5,16,7,26,T, 
2015-02-06,60,49,37,42,38,33,86,69,51,30.46,30.37,30.25,10,10,7,10,3,16,0, 
2015-02-07,69,55,40,53,46,39,93,71,49,30.22,30.08,29.98,10,8,4,13,5,21,0, 
2015-02-08,78,68,58,57,56,50,93,72,50,30,29.9,29.81,10,10,8,14,6,26,0, 
2015-02-09,83,68,52,50,44,38,77,49,20,30.14,30.07,30.01,10,10,10,9,3,13,0, 
2015-02-10,81,64,46,49,44,40,86,57,28,30.07,29.99,29.92,10,10,10,10,4,18,0, 
2015-02-11,78,65,51,53,49,40,100,64,27,30.2,30.03,29.95,10,7,1,16,5,26,0, 
2015-02-12,62,53,44,40,34,31,65,51,36,30.42,30.35,30.23,10,10,10,16,7,27,0, 
2015-02-13,70,55,39,44,38,32,79,58,37,30.38,30.31,30.22,10,10,10,10,2,15,0, 
2015-02-14,78,63,48,53,47,43,86,60,33,30.29,30.22,30.13,10,10,10,9,3,14,0, 
2015-02-15,68,63,57,62,58,52,87,80,73,30.15,30.02,29.88,10,10,7,10,5,19,T, 
2015-02-16,66,51,36,61,39,28,93,79,64,30.24,30.03,29.83,10,8,2,17,9,28,0.01,Rain
2015-02-17,55,45,34,33,27,23,82,59,35,30.34,30.25,30.17,10,10,10,13,7,22,0, 
2015-02-18,66,49,32,34,29,25,89,56,22,30.39,30.31,30.25,10,10,10,13,4,18,0, 
2015-02-19,70,54,38,49,40,31,85,61,37,30.38,30.25,30.08,10,10,10,14,5,28,0, 
2015-02-20,75,65,54,60,56,49,86,72,57,30.08,29.92,29.77,10,10,9,16,9,31,0, 
2015-02-21,78,67,55,61,56,45,87,69,50,30.02,29.88,29.8,10,10,9,14,6,25,0, 
2015-02-22,56,47,37,52,44,33,93,80,66,30.41,30.14,29.95,10,8,2,20,7,30,0.02,Rain
2015-02-23,37,34,30,32,29,26,92,87,82,30.54,30.45,30.4,10,7,2,17,9,24,0.01,Rain
2015-02-24,37,34,30,34,29,26,92,84,76,30.41,30.24,30.02,10,8,2,9,4,15,0, 
2015-02-25,63,49,35,36,34,28,100,64,27,30.03,29.94,29.82,10,8,3,13,3,21,0.01,Rain
2015-02-26,52,43,33,37,31,21,96,74,52,30.4,30.19,29.93,10,10,5,15,7,24,0, 
2015-02-27,36,34,31,30,25,19,92,72,52,30.45,30.38,30.32,10,8,2,13,7,21,0.01,Rain
2015-02-28,36,34,31,34,31,26,100,93,85,30.38,30.31,30.26,10,5,2,10,5,17,0.1,Rain
2015-03-01,43,39,35,41,38,34,100,95,89,30.36,30.29,30.22,8,4,2,10,6,16,0.09,Rain
2015-03-02,45,42,38,42,40,37,100,95,89,30.38,30.28,30.18,10,5,1,10,4,15,0.02,Rain
2015-03-03,63,52,41,59,49,41,100,95,90,30.15,29.98,29.85,5,2,0,8,1,13,0.01,"Fog , Rain"
2015-03-04,70,52,34,67,56,32,100,95,89,30.28,29.9,29.8,10,4,0,21,6,36,0.15,"Fog , Rain , Thunderstorm"
2015-03-05,47,39,31,32,25,18,89,61,33,30.64,30.45,30.21,10,9,2,20,10,33,0.13,"Rain , Thunderstorm"
2015-03-06,57,42,26,29,23,19,81,54,27,30.66,30.56,30.49,10,10,10,8,2,13,0, 
2015-03-07,60,49,38,37,30,24,82,56,29,30.5,30.4,30.27,10,10,10,10,2,13,T, 
2015-03-08,54,51,47,51,48,37,100,69,38,30.29,30.17,30.06,10,3,1,12,3,16,0.45,Rain
2015-03-09,55,52,49,52,49,48,100,97,93,30.06,29.96,29.88,10,5,1,8,4,13,2.17,Rain
2015-03-10,63,57,50,52,50,49,96,78,60,30.15,30.04,29.96,10,10,10,9,4,14,0, 
2015-03-11,59,57,54,51,50,49,86,79,72,30.26,30.2,30.14,10,10,10,13,6,20,0, 
2015-03-12,73,63,52,55,52,49,96,73,49,30.19,30.1,29.99,10,10,9,13,5,18,0.02,Rain
2015-03-13,78,66,53,54,52,46,100,68,36,30.06,30,29.94,10,8,1,12,3,18,0, 
2015-03-14,78,66,53,53,49,44,89,61,33,30.21,30.1,30.02,10,10,10,15,6,23,0, 
2015-03-15,69,60,51,54,51,48,89,72,55,30.32,30.26,30.2,10,10,10,12,3,16,0, 
2015-03-16,77,65,52,62,56,51,100,73,46,30.28,30.21,30.14,10,9,4,10,3,17,0, 
2015-03-17,77,70,63,66,63,61,100,82,64,30.18,30.11,30.02,10,8,4,9,3,16,0.01,Rain
2015-03-18,81,71,60,65,61,58,93,74,54,30.06,29.99,29.9,10,10,8,13,4,20,0.13,Rain
2015-03-19,83,73,63,66,64,61,100,79,58,30,29.95,29.88,10,8,2,12,5,17,0, 
2015-03-20,71,64,57,67,61,55,93,89,84,30.15,30.09,29.98,10,6,0,15,4,22,1.17,"Fog , Rain"
2015-03-21,61,58,55,58,56,54,100,95,90,30.15,30.08,30.01,10,7,2,10,4,17,0.43,Rain
2015-03-22,78,68,57,59,57,55,100,75,50,30.08,30.03,29.96,10,10,7,9,4,15,0, 
2015-03-23,80,66,52,59,56,51,100,73,45,30.13,30.06,29.99,10,10,6,9,3,14,0, 
2015-03-24,83,71,59,62,60,57,97,72,47,30.04,29.97,29.88,10,10,9,14,7,22,0, 
2015-03-25,84,73,62,63,61,59,93,72,51,29.98,29.91,29.84,10,10,10,16,8,27,0, 
2015-03-26,70,62,54,65,48,33,93,62,31,30.19,30.03,29.86,10,9,2,20,10,29,0.05,Rain
2015-03-27,82,64,46,44,36,29,71,44,16,30.2,30.15,30.08,10,10,10,13,4,19,0, 
2015-03-28,84,66,48,49,44,40,86,54,22,30.14,30.08,30,10,10,10,13,5,24,0, 
2015-03-29,84,71,57,60,56,50,93,67,40,30.11,30.06,29.99,10,10,10,17,8,28,0, 
2015-03-30,80,72,64,64,62,60,93,76,58,30.18,30.11,30.03,10,10,9,12,5,18,0, 
2015-03-31,82,74,66,66,62,59,93,74,54,30.09,30,29.91,10,10,7,13,7,20,0, 
2015-04-01,83,76,68,67,65,61,90,71,51,29.98,29.92,29.83,10,9,4,14,7,25,T,Rain
2015-04-02,84,76,68,68,66,63,90,76,62,29.97,29.9,29.85,10,8,6,15,8,26,0, 
2015-04-03,86,76,66,68,62,48,90,67,43,30.18,29.98,29.89,10,8,4,17,7,27,0, 
2015-04-04,69,63,56,48,44,37,61,53,44,30.33,30.24,30.17,10,10,10,17,8,32,0, 
2015-04-05,69,64,59,64,59,48,100,78,56,30.15,30,29.9,10,5,1,10,4,16,0.02,Rain
2015-04-06,85,75,65,67,65,64,100,76,51,30.01,29.94,29.86,10,8,2,14,7,24,0, 
2015-04-07,87,78,68,67,65,62,90,71,51,30.03,29.96,29.87,10,10,8,16,8,26,0, 
2015-04-08,79,74,69,69,67,65,90,81,71,30,29.92,29.83,10,9,6,16,8,29,T, 
2015-04-09,87,79,70,71,67,65,90,73,55,29.93,29.86,29.75,10,9,7,15,7,27,0, 
2015-04-10,74,65,56,68,53,47,93,70,47,30.2,30.08,29.95,10,10,10,14,5,26,0.09,"Rain , Thunderstorm"
2015-04-11,70,65,59,66,62,53,100,86,72,30.12,30.04,29.96,10,5,1,7,3,12,T,Rain
2015-04-12,82,75,67,69,67,65,100,81,62,29.99,29.91,29.78,10,5,0,13,5,19,0.01,Fog
2015-04-13,87,76,64,70,65,54,100,67,34,29.98,29.86,29.79,10,8,2,13,4,19,0.09,"Rain , Thunderstorm"
2015-04-14,77,67,57,61,55,49,87,67,46,30.11,30.04,29.96,10,10,10,12,6,20,0, 
2015-04-15,83,69,54,65,56,50,93,69,45,30.04,29.97,29.88,10,10,10,14,4,20,0, 
2015-04-16,81,74,67,70,66,64,93,78,62,29.98,29.91,29.82,10,9,4,17,4,27,0.01,"Rain , Thunderstorm"
2015-04-17,75,71,66,70,65,61,93,81,69,29.98,29.92,29.85,10,8,2,12,4,18,0.41,"Rain , Thunderstorm"
2015-04-18,77,66,54,66,63,53,100,82,64,29.94,29.87,29.75,10,8,0,28,4,43,0.57,"Fog , Rain , Thunderstorm"
2015-04-19,89,73,57,69,58,39,100,60,20,29.86,29.8,29.72,10,7,0,15,6,25,0,"Fog , Thunderstorm"
2015-04-20,73,64,54,48,43,36,64,48,32,30.05,29.98,29.89,10,10,10,15,6,25,0, 
2015-04-21,81,66,51,63,53,47,89,66,43,30.02,29.95,29.88,10,10,10,13,5,22,0, 
2015-04-22,81,74,67,68,65,63,93,79,64,29.95,29.89,29.81,10,10,7,16,7,23,T, 
2015-04-23,85,77,68,72,69,66,100,85,69,29.94,29.87,29.82,10,8,1,10,4,16,0, 
2015-04-24,85,77,69,74,72,69,100,85,69,29.92,29.82,29.67,10,6,1,14,5,23,0.43,"Rain , Thunderstorm"
2015-04-25,93,82,70,73,64,46,100,61,21,29.83,29.74,29.65,10,7,2,12,5,20,0.04,Thunderstorm
2015-04-26,86,78,69,72,69,63,93,77,61,29.76,29.65,29.52,10,8,1,18,8,32,0.08,"Rain , Thunderstorm"
2015-04-27,85,74,63,70,62,52,100,66,32,29.8,29.68,29.54,10,9,1,17,4,37,0.56,"Rain , Thunderstorm"
2015-04-28,65,59,53,59,52,47,84,74,64,30.12,29.98,29.82,10,10,10,17,8,26,0, 
2015-04-29,77,63,49,48,45,41,93,61,29,30.13,30.05,29.96,10,10,10,12,5,19,0, 
2015-04-30,83,67,50,51,49,47,89,60,31,30.05,29.99,29.92,10,10,8,10,3,14,0, 
2015-05-01,84,70,55,56,52,50,86,60,33,30.07,30.02,29.98,10,10,10,10,2,15,0, 
2015-05-02,83,71,58,55,53,51,80,58,36,30.08,30.02,29.96,10,10,10,13,4,20,0, 
2015-05-03,84,71,58,62,58,55,93,67,40,30.03,29.98,29.93,10,10,10,15,6,23,0, 
2015-05-04,84,75,66,66,63,59,93,71,49,30.1,30.02,29.96,10,10,4,16,8,26,0, 
,,,,,,,,,,,,,,,,,,,,
,,,,,,,,,,,,,,,,,,,,
,,,,,,,,,,,,,,,,,,,,
,,,,,,,,,,,,,,,,,,,,
,,,,,,,,,,,,,,,,,,,,
,,,,,,,,,,,,,,,,,,,,
,,,,,,,,,,,,,,,,,,,,
,,,,,,,,,,,,,,,,,,,,
,,,,,,,,,,,,,,,,,,,,
,,,,,,,,,,,,,,,,,,,,
,,,,,,,,,,,,,,,,,,,,
,,,,,,,,,,,,,,,,,,,,
,,,,,,,,,,,,,,,,,,,,
,,,,,,,,,,,,,,,,,,,,
,,,,,,,,,,,,,,,,,,,,
,,,,,,,,,,,,,,,,,,,,
,,,,,,,,,,,,,,,,,,,,
,,,,,,,,,,,,,,,,,,,,
,,,,,,,,,,,,,,,,,,,,
,,,,,,,,,,,,,,,,,,,,
,,,,,,,,,,,,,,,,,,,,
,,,,,,,,,,,,,,,,,,,,
,,,,,,,,,,,,,,,,,,,,
,,,,,,,,,,,,,,,,,,,,
,,,,,,,,,,,,,,,,,,,,
,,,,,,,,,,,,,,,,,,,,
,,,,,,,,,,,,,,,,,,,,
,,,,,,,,,,,,,,,,,,,,
,,,,,,,,,,,,,,,,,,,,
,,,,,,,,,,,,,,,,,,,,
,,,,,,,,,,,,,,,,,,,,
,,,,,,,,,,,,,,,,,,,,
,,,,,,,,,,,,,,,,,,,,
,,,,,,,,,,,,,,,,,,,,
,,,,,,,,,,,,,,,,,,,,
,,,,,,,,,,,,,,,,,,,,
,,,,,,,,,,,,,,,,,,,,
,,,,,,,,,,,,,,,,,,,,
,,,,,,,,,,,,,,,,,,,,
,,,,,,,,,,,,,,,,,,,,
,,,,,,,,,,,,,,,,,,,,
,,,,,,,,,,,,,,,,,,,,
,,,,,,,,,,,,,,,,,,,,
,,,,,,,,,,,,,,,,,,,,
,,,,,,,,,,,,,,,,,,,,
,,,,,,,,,,,,,,,,,,,,
,,,,,,,,,,,,,,,,,,,,
,,,,,,,,,,,,,,,,,,,,
,,,,,,,,,,,,,,,,,,,,
,,,,,,,,,,,,,,,,,,,,
,,,,,,,,,,,,,,,,,,,,
,,,,,,,,,,,,,,,,,,,,
,,,,,,,,,,,,,,,,,,,,
,,,,,,,,,,,,,,,,,,,,
,,,,,,,,,,,,,,,,,,,,
,,,,,,,,,,,,,,,,,,,,
,,,,,,,,,,,,,,,,,,,,
,,,,,,,,,,,,,,,,,,,,
,,,,,,,,,,,,,,,,,,,,
,,,,,,,,,,,,,,,,,,,,
,,,,,,,,,,,,,,,,,,,,
,,,,,,,,,,,,,,,,,,,,
,,,,,,,,,,,,,,,,,,,,
,,,,,,,,,,,,,,,,,,,,
,,,,,,,,,,,,,,,,,,,,
,,,,,,,,,,,,,,,,,,,,
,,,,,,,,,,,,,,,,,,,,
,,,,,,,,,,,,,,,,,,,,
,,,,,,,,,,,,,,,,,,,,
,,,,,,,,,,,,,,,,,,,,
,,,,,,,,,,,,,,,,,,,,
,,,,,,,,,,,,,,,,,,,,
,,,,,,,,,,,,,,,,,,,,
,,,,,,,,,,,,,,,,,,,,
,,,,,,,,,,,,,,,,,,,,
,,,,,,,,,,,,,,,,,,,,
,,,,,,,,,,,,,,,,,,,,
,,,,,,,,,,,,,,,,,,,,
,,,,,,,,,,,,,,,,,,,,
,,,,,,,,,,,,,,,,,,,,
,,,,,,,,,,,,,,,,,,,,
,,,,,,,,,,,,,,,,,,,,
,,,,,,,,,,,,,,,,,,,,
,,,,,,,,,,,,,,,,,,,,
,,,,,,,,,,,,,,,,,,,,
,,,,,,,,,,,,,,,,,,,,
,,,,,,,,,,,,,,,,,,,,
,,,,,,,,,,,,,,,,,,,,
,,,,,,,,,,,,,,,,,,,,
,,,,,,,,,,,,,,,,,,,,
,,,,,,,,,,,,,,,,,,,,
,,,,,,,,,,,,,,,,,,,,
,,,,,,,,,,,,,,,,,,,,
,,,,,,,,,,,,,,,,,,,,
,,,,,,,,,,,,,,,,,,,,
,,,,,,,,,,,,,,,,,,,,
,,,,,,,,,,,,,,,,,,,,
,,,,,,,,,,,,,,,,,,,,
,,,,,,,,,,,,,,,,,,,,
,,,,,,,,,,,,,,,,,,,,
,,,,,,,,,,,,,,,,,,,,
,,,,,,,,,,,,,,,,,,,,
,,,,,,,,,,,,,,,,,,,,
,,,,,,,,,,,,,,,,,,,,
,,,,,,,,,,,,,,,,,,,,
,,,,,,,,,,,,,,,,,,,,
,,,,,,,,,,,,,,,,,,,,
,,,,,,,,,,,,,,,,,,,,
,,,,,,,,,,,,,,,,,,,,
,,,,,,,,,,,,,,,,,,,,
,,,,,,,,,,,,,,,,,,,,
,,,,,,,,,,,,,,,,,,,,
,,,,,,,,,,,,,,,,,,,,
,,,,,,,,,,,,,,,,,,,,
,,,,,,,,,,,,,,,,,,,,
,,,,,,,,,,,,,,,,,,,,
,,,,,,,,,,,,,,,,,,,,
,,,,,,,,,,,,,,,,,,,,
,,,,,,,,,,,,,,,,,,,,
,,,,,,,,,,,,,,,,,,,,
,,,,,,,,,,,,,,,,,,,,
,,,,,,,,,,,,,,,,,,,,
,,,,,,,,,,,,,,,,,,,,
,,,,,,,,,,,,,,,,,,,,
,,,,,,,,,,,,,,,,,,,,
,,,,,,,,,,,,,,,,,,,,
,,,,,,,,,,,,,,,,,,,,
,,,,,,,,,,,,,,,,,,,,
,,,,,,,,,,,,,,,,,,,,
,,,,,,,,,,,,,,,,,,,,
,,,,,,,,,,,,,,,,,,,,
,,,,,,,,,,,,,,,,,,,,
,,,,,,,,,,,,,,,,,,,,
,,,,,,,,,,,,,,,,,,,,
,,,,,,,,,,,,,,,,,,,,
,,,,,,,,,,,,,,,,,,,,
,,,,,,,,,,,,,,,,,,,,
,,,,,,,,,,,,,,,,,,,,
,,,,,,,,,,,,,,,,,,,,
,,,,,,,,,,,,,,,,,,,,
,,,,,,,,,,,,,,,,,,,,
,,,,,,,,,,,,,,,,,,,,
,,,,,,,,,,,,,,,,,,,,
,,,,,,,,,,,,,,,,,,,,
,,,,,,,,,,,,,,,,,,,,
,,,,,,,,,,,,,,,,,,,,
,,,,,,,,,,,,,,,,,,,,
,,,,,,,,,,,,,,,,,,,,
,,,,,,,,,,,,,,,,,,,,
,,,,,,,,,,,,,,,,,,,,
,,,,,,,,,,,,,,,,,,,,
,,,,,,,,,,,,,,,,,,,,
,,,,,,,,,,,,,,,,,,,,
,,,,,,,,,,,,,,,,,,,,
,,,,,,,,,,,,,,,,,,,,
,,,,,,,,,,,,,,,,,,,,
,,,,,,,,,,,,,,,,,,,,
,,,,,,,,,,,,,,,,,,,,
,,,,,,,,,,,,,,,,,,,,
,,,,,,,,,,,,,,,,,,,,
,,,,,,,,,,,,,,,,,,,,
,,,,,,,,,,,,,,,,,,,,
,,,,,,,,,,,,,,,,,,,,
,,,,,,,,,,,,,,,,,,,,
,,,,,,,,,,,,,,,,,,,,
,,,,,,,,,,,,,,,,,,,,
,,,,,,,,,,,,,,,,,,,,
,,,,,,,,,,,,,,,,,,,,
,,,,,,,,,,,,,,,,,,,,
,,,,,,,,,,,,,,,,,,,,
,,,,,,,,,,,,,,,,,,,,
,,,,,,,,,,,,,,,,,,,,
,,,,,,,,,,,,,,,,,,,,
,,,,,,,,,,,,,,,,,,,,
,,,,,,,,,,,,,,,,,,,,
,,,,,,,,,,,,,,,,,,,,
,,,,,,,,,,,,,,,,,,,,
,,,,,,,,,,,,,,,,,,,,
,,,,,,,,,,,,,,,,,,,,
,,,,,,,,,,,,,,,,,,,,
,,,,,,,,,,,,,,,,,,,,
,,,,,,,,,,,,,,,,,,,,
,,,,,,,,,,,,,,,,,,,,
,,,,,,,,,,,,,,,,,,,,
,,,,,,,,,,,,,,,,,,,,
,,,,,,,,,,,,,,,,,,,,
,,,,,,,,,,,,,,,,,,,,
,,,,,,,,,,,,,,,,,,,,
,,,,,,,,,,,,,,,,,,,,
,,,,,,,,,,,,,,,,,,,,
,,,,,,,,,,,,,,,,,,,,
,,,,,,,,,,,,,,,,,,,,
,,,,,,,,,,,,,,,,,,,,
,,,,,,,,,,,,,,,,,,,,
,,,,,,,,,,,,,,,,,,,,
,,,,,,,,,,,,,,,,,,,,
,,,,,,,,,,,,,,,,,,,,
,,,,,,,,,,,,,,,,,,,,
,,,,,,,,,,,,,,,,,,,,
,,,,,,,,,,,,,,,,,,,,
,,,,,,,,,,,,,,,,,,,,
,,,,,,,,,,,,,,,,,,,,
,,,,,,,,,,,,,,,,,,,,
,,,,,,,,,,,,,,,,,,,,
,,,,,,,,,,,,,,,,,,,,
,,,,,,,,,,,,,,,,,,,,
,,,,,,,,,,,,,,,,,,,,
,,,,,,,,,,,,,,,,,,,,
,,,,,,,,,,,,,,,,,,,,
,,,,,,,,,,,,,,,,,,,,
,,,,,,,,,,,,,,,,,,,,
,,,,,,,,,,,,,,,,,,,,
,,,,,,,,,,,,,,,,,,,,
,,,,,,,,,,,,,,,,,,,,
,,,,,,,,,,,,,,,,,,,,
,,,,,,,,,,,,,,,,,,,,
,,,,,,,,,,,,,,,,,,,,
,,,,,,,,,,,,,,,,,,,,
,,,,,,,,,,,,,,,,,,,,
,,,,,,,,,,,,,,,,,,,,
,,,,,,,,,,,,,,,,,,,,
,,,,,,,,,,,,,,,,,,,,
,,,,,,,,,,,,,,,,,,,,
,,,,,,,,,,,,,,,,,,,,
,,,,,,,,,,,,,,,,,,,,
,,,,,,,,,,,,,,,,,,,,
,,,,,,,,,,,,,,,,,,,,
,,,,,,,,,,,,,,,,,,,,
,,,,,,,,,,,,,,,,,,,,
,,,,,,,,,,,,,,,,,,,,
,,,,,,,,,,,,,,,,,,,,
,,,,,,,,,,,,,,,,,,,,
,,,,,,,,,,,,,,,,,,,,
,,,,,,,,,,,,,,,,,,,,
,,,,,,,,,,,,,,,,,,,,
,,,,,,,,,,,,,,,,,,,,
,,,,,,,,,,,,,,,,,,,,
,,,,,,,,,,,,,,,,,,,,
,,,,,,,,,,,,,,,,,,,,
,,,,,,,,,,,,,,,,,,,,
,,,,,,,,,,,,,,,,,,,,
,,,,,,,,,,,,,,,,,,,,
,,,,,,,,,,,,,,,,,,,,
,,,,,,,,,,,,,,,,,,,,
,,,,,,,,,,,,,,,,,,,,
,,,,,,,,,,,,,,,,,,,,
,,,,,,,,,,,,,,,,,,,,
,,,,,,,,,,,,,,,,,,,,
,,,,,,,,,,,,,,,,,,,,
,,,,,,,,,,,,,,,,,,,,
,,,,,,,,,,,,,,,,,,,,
,,,,,,,,,,,,,,,,,,,,
,,,,,,,,,,,,,,,,,,,,
,,,,,,,,,,,,,,,,,,,,
,,,,,,,,,,,,,,,,,,,,
,,,,,,,,,,,,,,,,,,,,
,,,,,,,,,,,,,,,,,,,,
,,,,,,,,,,,,,,,,,,,,
,,,,,,,,,,,,,,,,,,,,
,,,,,,,,,,,,,,,,,,,,
,,,,,,,,,,,,,,,,,,,,
,,,,,,,,,,,,,,,,,,,,
,,,,,,,,,,,,,,,,,,,,
,,,,,,,,,,,,,,,,,,,,
,,,,,,,,,,,,,,,,,,,,
,,,,,,,,,,,,,,,,,,,,
,,,,,,,,,,,,,,,,,,,,
,,,,,,,,,,,,,,,,,,,,
,,,,,,,,,,,,,,,,,,,,
,,,,,,,,,,,,,,,,,,,,
,,,,,,,,,,,,,,,,,,,,
,,,,,,,,,,,,,,,,,,,,
,,,,,,,,,,,,,,,,,,,,
,,,,,,,,,,,,,,,,,,,,
,,,,,,,,,,,,,,,,,,,,
,,,,,,,,,,,,,,,,,,,,
,,,,,,,,,,,,,,,,,,,,
,,,,,,,,,,,,,,,,,,,,
,,,,,,,,,,,,,,,,,,,,
,,,,,,,,,,,,,,,,,,,,
,,,,,,,,,,,,,,,,,,,,
,,,,,,,,,,,,,,,,,,,,
,,,,,,,,,,,,,,,,,,,,
,,,,,,,,,,,,,,,,,,,,
,,,,,,,,,,,,,,,,,,,,
,,,,,,,,,,,,,,,,,,,,
,,,,,,,,,,,,,,,,,,,,
,,,,,,,,,,,,,,,,,,,,
,,,,,,,,,,,,,,,,,,,,
,,,,,,,,,,,,,,,,,,,,
,,,,,,,,,,,,,,,,,,,,
,,,,,,,,,,,,,,,,,,,,
,,,,,,,,,,,,,,,,,,,,
,,,,,,,,,,,,,,,,,,,,
,,,,,,,,,,,,,,,,,,,,
,,,,,,,,,,,,,,,,,,,,
,,,,,,,,,,,,,,,,,,,,
,,,,,,,,,,,,,,,,,,,,
,,,,,,,,,,,,,,,,,,,,
,,,,,,,,,,,,,,,,,,,,
,,,,,,,,,,,,,,,,,,,,
,,,,,,,,,,,,,,,,,,,,
,,,,,,,,,,,,,,,,,,,,
,,,,,,,,,,,,,,,,,,,,
,,,,,,,,,,,,,,,,,,,,
,,,,,,,,,,,,,,,,,,,,
,,,,,,,,,,,,,,,,,,,,
,,,,,,,,,,,,,,,,,,,,
,,,,,,,,,,,,,,,,,,,,
,,,,,,,,,,,,,,,,,,,,
,,,,,,,,,,,,,,,,,,,,
,,,,,,,,,,,,,,,,,,,,
,,,,,,,,,,,,,,,,,,,,
,,,,,,,,,,,,,,,,,,,,
,,,,,,,,,,,,,,,,,,,,
,,,,,,,,,,,,,,,,,,,,
,,,,,,,,,,,,,,,,,,,,
,,,,,,,,,,,,,,,,,,,,
,,,,,,,,,,,,,,,,,,,,
,,,,,,,,,,,,,,,,,,,,
,,,,,,,,,,,,,,,,,,,,
,,,,,,,,,,,,,,,,,,,,
,,,,,,,,,,,,,,,,,,,,
,,,,,,,,,,,,,,,,,,,,
,,,,,,,,,,,,,,,,,,,,
,,,,,,,,,,,,,,,,,,,,
,,,,,,,,,,,,,,,,,,,,
,,,,,,,,,,,,,,,,,,,,
,,,,,,,,,,,,,,,,,,,,
,,,,,,,,,,,,,,,,,,,,
,,,,,,,,,,,,,,,,,,,,
,,,,,,,,,,,,,,,,,,,,
,,,,,,,,,,,,,,,,,,,,
,,,,,,,,,,,,,,,,,,,,
,,,,,,,,,,,,,,,,,,,,
,,,,,,,,,,,,,,,,,,,,
,,,,,,,,,,,,,,,,,,,,
,,,,,,,,,,,,,,,,,,,,
,,,,,,,,,,,,,,,,,,,,
,,,,,,,,,,,,,,,,,,,,
,,,,,,,,,,,,,,,,,,,,
,,,,,,,,,,,,,,,,,,,,
,,,,,,,,,,,,,,,,,,,,
,,,,,,,,,,,,,,,,,,,,
,,,,,,,,,,,,,,,,,,,,
,,,,,,,,,,,,,,,,,,,,
,,,,,,,,,,,,,,,,,,,,
,,,,,,,,,,,,,,,,,,,,
,,,,,,,,,,,,,,,,,,,,
,,,,,,,,,,,,,,,,,,,,
,,,,,,,,,,,,,,,,,,,,
,,,,,,,,,,,,,,,,,,,,
,,,,,,,,,,,,,,,,,,,,
,,,,,,,,,,,,,,,,,,,,
,,,,,,,,,,,,,,,,,,,,
,,,,,,,,,,,,,,,,,,,,
,,,,,,,,,,,,,,,,,,,,
,,,,,,,,,,,,,,,,,,,,
,,,,,,,,,,,,,,,,,,,,
,,,,,,,,,,,,,,,,,,,,
,,,,,,,,,,,,,,,,,,,,
,,,,,,,,,,,,,,,,,,,,
,,,,,,,,,,,,,,,,,,,,
,,,,,,,,,,,,,,,,,,,,
,,,,,,,,,,,,,,,,,,,,
,,,,,,,,,,,,,,,,,,,,
,,,,,,,,,,,,,,,,,,,,
,,,,,,,,,,,,,,,,,,,,
,,,,,,,,,,,,,,,,,,,,
,,,,,,,,,,,,,,,,,,,,
,,,,,,,,,,,,,,,,,,,,
,,,,,,,,,,,,,,,,,,,,
,,,,,,,,,,,,,,,,,,,,
,,,,,,,,,,,,,,,,,,,,
,,,,,,,,,,,,,,,,,,,,
,,,,,,,,,,,,,,,,,,,,
,,,,,,,,,,,,,,,,,,,,
,,,,,,,,,,,,,,,,,,,,
,,,,,,,,,,,,,,,,,,,,
,,,,,,,,,,,,,,,,,,,,
,,,,,,,,,,,,,,,,,,,,
,,,,,,,,,,,,,,,,,,,,
,,,,,,,,,,,,,,,,,,,,
,,,,,,,,,,,,,,,,,,,,
,,,,,,,,,,,,,,,,,,,,
,,,,,,,,,,,,,,,,,,,,
,,,,,,,,,,,,,,,,,,,,
,,,,,,,,,,,,,,,,,,,,
,,,,,,,,,,,,,,,,,,,,
,,,,,,,,,,,,,,,,,,,,
,,,,,,,,,,,,,,,,,,,,
,,,,,,,,,,,,,,,,,,,,
,,,,,,,,,,,,,,,,,,,,
,,,,,,,,,,,,,,,,,,,,
,,,,,,,,,,,,,,,,,,,,
,,,,,,,,,,,,,,,,,,,,
,,,,,,,,,,,,,,,,,,,,
,,,,,,,,,,,,,,,,,,,,
,,,,,,,,,,,,,,,,,,,,
,,,,,,,,,,,,,,,,,,,,
,,,,,,,,,,,,,,,,,,,,
,,,,,,,,,,,,,,,,,,,,
,,,,,,,,,,,,,,,,,,,,
,,,,,,,,,,,,,,,,,,,,
,,,,,,,,,,,,,,,,,,,,
,,,,,,,,,,,,,,,,,,,,
,,,,,,,,,,,,,,,,,,,,
,,,,,,,,,,,,,,,,,,,,
,,,,,,,,,,,,,,,,,,,,
,,,,,,,,,,,,,,,,,,,,
,,,,,,,,,,,,,,,,,,,,
,,,,,,,,,,,,,,,,,,,,
,,,,,,,,,,,,,,,,,,,,
,,,,,,,,,,,,,,,,,,,,
,,,,,,,,,,,,,,,,,,,,
,,,,,,,,,,,,,,,,,,,,
,,,,,,,,,,,,,,,,,,,,
,,,,,,,,,,,,,,,,,,,,
,,,,,,,,,,,,,,,,,,,,
,,,,,,,,,,,,,,,,,,,,
,,,,,,,,,,,,,,,,,,,,
,,,,,,,,,,,,,,,,,,,,
,,,,,,,,,,,,,,,,,,,,
,,,,,,,,,,,,,,,,,,,,
,,,,,,,,,,,,,,,,,,,,
,,,,,,,,,,,,,,,,,,,,
,,,,,,,,,,,,,,,,,,,,
,,,,,,,,,,,,,,,,,,,,
,,,,,,,,,,,,,,,,,,,,
,,,,,,,,,,,,,,,,,,,,
,,,,,,,,,,,,,,,,,,,,
,,,,,,,,,,,,,,,,,,,,
,,,,,,,,,,,,,,,,,,,,
,,,,,,,,,,,,,,,,,,,,
,,,,,,,,,,,,,,,,,,,,
,,,,,,,,,,,,,,,,,,,,
,,,,,,,,,,,,,,,,,,,,
,,,,,,,,,,,,,,,,,,,,
,,,,,,,,,,,,,,,,,,,,
,,,,,,,,,,,,,,,,,,,,
,,,,,,,,,,,,,,,,,,,,
,,,,,,,,,,,,,,,,,,,,
,,,,,,,,,,,,,,,,,,,,
,,,,,,,,,,,,,,,,,,,,
,,,,,,,,,,,,,,,,,,,,
,,,,,,,,,,,,,,,,,,,,
,,,,,,,,,,,,,,,,,,,,
,,,,,,,,,,,,,,,,,,,,
,,,,,,,,,,,,,,,,,,,,
,,,,,,,,,,,,,,,,,,,,
,,,,,,,,,,,,,,,,,,,,
,,,,,,,,,,,,,,,,,,,,
,,,,,,,,,,,,,,,,,,,,
,,,,,,,,,,,,,,,,,,,,
,,,,,,,,,,,,,,,,,,,,
,,,,,,,,,,,,,,,,,,,,
,,,,,,,,,,,,,,,,,,,,
,,,,,,,,,,,,,,,,,,,,
,,,,,,,,,,,,,,,,,,,,
,,,,,,,,,,,,,,,,,,,,
,,,,,,,,,,,,,,,,,,,,
,,,,,,,,,,,,,,,,,,,,
,,,,,,,,,,,,,,,,,,,,
,,,,,,,,,,,,,,,,,,,,
,,,,,,,,,,,,,,,,,,,,
,,,,,,,,,,,,,,,,,,,,
,,,,,,,,,,,,,,,,,,,,
,,,,,,,,,,,,,,,,,,,,
,,,,,,,,,,,,,,,,,,,,
,,,,,,,,,,,,,,,,,,,,
,,,,,,,,,,,,,,,,,,,,
,,,,,,,,,,,,,,,,,,,,
,,,,,,,,,,,,,,,,,,,,
,,,,,,,,,,,,,,,,,,,,
,,,,,,,,,,,,,,,,,,,,
,,,,,,,,,,,,,,,,,,,,
,,,,,,,,,,,,,,,,,,,,
,,,,,,,,,,,,,,,,,,,,
,,,,,,,,,,,,,,,,,,,,
,,,,,,,,,,,,,,,,,,,,
,,,,,,,,,,,,,,,,,,,,
,,,,,,,,,,,,,,,,,,,,
,,,,,,,,,,,,,,,,,,,,
,,,,,,,,,,,,,,,,,,,,
,,,,,,,,,,,,,,,,,,,,
,,,,,,,,,,,,,,,,,,,,
,,,,,,,,,,,,,,,,,,,,
,,,,,,,,,,,,,,,,,,,,
,,,,,,,,,,,,,,,,,,,,
,,,,,,,,,,,,,,,,,,,,
,,,,,,,,,,,,,,,,,,,,
,,,,,,,,,,,,,,,,,,,,
,,,,,,,,,,,,,,,,,,,,
,,,,,,,,,,,,,,,,,,,,
,,,,,,,,,,,,,,,,,,,,
,,,,,,,,,,,,,,,,,,,,
,,,,,,,,,,,,,,,,,,,,
,,,,,,,,,,,,,,,,,,,,
,,,,,,,,,,,,,,,,,,,,
,,,,,,,,,,,,,,,,,,,,
,,,,,,,,,,,,,,,,,,,,
,,,,,,,,,,,,,,,,,,,,
,,,,,,,,,,,,,,,,,,,,
,,,,,,,,,,,,,,,,,,,,
,,,,,,,,,,,,,,,,,,,,
,,,,,,,,,,,,,,,,,,,,
,,,,,,,,,,,,,,,,,,,,
,,,,,,,,,,,,,,,,,,,,
,,,,,,,,,,,,,,,,,,,,
,,,,,,,,,,,,,,,,,,,,
,,,,,,,,,,,,,,,,,,,,
,,,,,,,,,,,,,,,,,,,,
,,,,,,,,,,,,,,,,,,,,
,,,,,,,,,,,,,,,,,,,,
,,,,,,,,,,,,,,,,,,,,
,,,,,,,,,,,,,,,,,,,,
,,,,,,,,,,,,,,,,,,,,
,,,,,,,,,,,,,,,,,,,,
,,,,,,,,,,,,,,,,,,,,
,,,,,,,,,,,,,,,,,,,,
,,,,,,,,,,,,,,,,,,,,
,,,,,,,,,,,,,,,,,,,,
,,,,,,,,,,,,,,,,,,,,
,,,,,,,,,,,,,,,,,,,,
,,,,,,,,,,,,,,,,,,,,
,,,,,,,,,,,,,,,,,,,,
,,,,,,,,,,,,,,,,,,,,
,,,,,,,,,,,,,,,,,,,,
,,,,,,,,,,,,,,,,,,,,
,,,,,,,,,,,,,,,,,,,,
,,,,,,,,,,,,,,,,,,,,
,,,,,,,,,,,,,,,,,,,,
,,,,,,,,,,,,,,,,,,,,
,,,,,,,,,,,,,,,,,,,,
,,,,,,,,,,,,,,,,,,,,
,,,,,,,,,,,,,,,,,,,,
,,,,,,,,,,,,,,,,,,,,
,,,,,,,,,,,,,,,,,,,,
,,,,,,,,,,,,,,,,,,,,
,,,,,,,,,,,,,,,,,,,,
,,,,,,,,,,,,,,,,,,,,
,,,,,,,,,,,,,,,,,,,,
,,,,,,,,,,,,,,,,,,,,
,,,,,,,,,,,,,,,,,,,,
,,,,,,,,,,,,,,,,,,,,
,,,,,,,,,,,,,,,,,,,,
,,,,,,,,,,,,,,,,,,,,
,,,,,,,,,,,,,,,,,,,,
,,,,,,,,,,,,,,,,,,,,
,,,,,,,,,,,,,,,,,,,,
,,,,,,,,,,,,,,,,,,,,
,,,,,,,,,,,,,,,,,,,,
,,,,,,,,,,,,,,,,,,,,
,,,,,,,,,,,,,,,,,,,,
,,,,,,,,,,,,,,,,,,,,
,,,,,,,,,,,,,,,,,,,,
,,,,,,,,,,,,,,,,,,,,
,,,,,,,,,,,,,,,,,,,,
,,,,,,,,,,,,,,,,,,,,
,,,,,,,,,,,,,,,,,,,,
,,,,,,,,,,,,,,,,,,,,
,,,,,,,,,,,,,,,,,,,,
,,,,,,,,,,,,,,,,,,,,
,,,,,,,,,,,,,,,,,,,,
,,,,,,,,,,,,,,,,,,,,
,,,,,,,,,,,,,,,,,,,,
,,,,,,,,,,,,,,,,,,,,
,,,,,,,,,,,,,,,,,,,,
,,,,,,,,,,,,,,,,,,,,
,,,,,,,,,,,,,,,,,,,,
,,,,,,,,,,,,,,,,,,,,
,,,,,,,,,,,,,,,,,,,,
,,,,,,,,,,,,,,,,,,,,
,,,,,,,,,,,,,,,,,,,,
,,,,,,,,,,,,,,,,,,,,
,,,,,,,,,,,,,,,,,,,,
,,,,,,,,,,,,,,,,,,,,
,,,,,,,,,,,,,,,,,,,,
,,,,,,,,,,,,,,,,,,,,
,,,,,,,,,,,,,,,,,,,,
,,,,,,,,,,,,,,,,,,,,
,,,,,,,,,,,,,,,,,,,,
,,,,,,,,,,,,,,,,,,,,
,,,,,,,,,,,,,,,,,,,,
,,,,,,,,,,,,,,,,,,,,
,,,,,,,,,,,,,,,,,,,,
,,,,,,,,,,,,,,,,,,,,
,,,,,,,,,,,,,,,,,,,,
,,,,,,,,,,,,,,,,,,,,
,,,,,,,,,,,,,,,,,,,,
,,,,,,,,,,,,,,,,,,,,
,,,,,,,,,,,,,,,,,,,,
,,,,,,,,,,,,,,,,,,,,
,,,,,,,,,,,,,,,,,,,,
,,,,,,,,,,,,,,,,,,,,
,,,,,,,,,,,,,,,,,,,,
,,,,,,,,,,,,,,,,,,,,
,,,,,,,,,,,,,,,,,,,,
,,,,,,,,,,,,,,,,,,,,
,,,,,,,,,,,,,,,,,,,,
,,,,,,,,,,,,,,,,,,,,
,,,,,,,,,,,,,,,,,,,,
,,,,,,,,,,,,,,,,,,,,
,,,,,,,,,,,,,,,,,,,,
,,,,,,,,,,,,,,,,,,,,
,,,,,,,,,,,,,,,,,,,,
,,,,,,,,,,,,,,,,,,,,
,,,,,,,,,,,,,,,,,,,,
,,,,,,,,,,,,,,,,,,,,
,,,,,,,,,,,,,,,,,,,,
,,,,,,,,,,,,,,,,,,,,
,,,,,,,,,,,,,,,,,,,,
,,,,,,,,,,,,,,,,,,,,
,,,,,,,,,,,,,,,,,,,,
,,,,,,,,,,,,,,,,,,,,
,,,,,,,,,,,,,,,,,,,,
,,,,,,,,,,,,,,,,,,,,
,,,,,,,,,,,,,,,,,,,,
,,,,,,,,,,,,,,,,,,,,
,,,,,,,,,,,,,,,,,,,,
,,,,,,,,,,,,,,,,,,,,
,,,,,,,,,,,,,,,,,,,,
,,,,,,,,,,,,,,,,,,,,
,,,,,,,,,,,,,,,,,,,,
,,,,,,,,,,,,,,,,,,,,
,,,,,,,,,,,,,,,,,,,,
,,,,,,,,,,,,,,,,,,,,
,,,,,,,,,,,,,,,,,,,,
,,,,,,,,,,,,,,,,,,,,
,,,,,,,,,,,,,,,,,,,,
,,,,,,,,,,,,,,,,,,,,
,,,,,,,,,,,,,,,,,,,,
,,,,,,,,,,,,,,,,,,,,
,,,,,,,,,,,,,,,,,,,,
,,,,,,,,,,,,,,,,,,,,
,,,,,,,,,,,,,,,,,,,,
,,,,,,,,,,,,,,,,,,,,
,,,,,,,,,,,,,,,,,,,,
,,,,,,,,,,,,,,,,,,,,
,,,,,,,,,,,,,,,,,,,,
,,,,,,,,,,,,,,,,,,,,
,,,,,,,,,,,,,,,,,,,,
,,,,,,,,,,,,,,,,,,,,
,,,,,,,,,,,,,,,,,,,,
,,,,,,,,,,,,,,,,,,,,
,,,,,,,,,,,,,,,,,,,,
,,,,,,,,,,,,,,,,,,,,
,,,,,,,,,,,,,,,,,,,,
,,,,,,,,,,,,,,,,,,,,
,,,,,,,,,,,,,,,,,,,,
,,,,,,,,,,,,,,,,,,,,
,,,,,,,,,,,,,,,,,,,,
,,,,,,,,,,,,,,,,,,,,
,,,,,,,,,,,,,,,,,,,,
,,,,,,,,,,,,,,,,,,,,
,,,,,,,,,,,,,,,,,,,,
,,,,,,,,,,,,,,,,,,,,
,,,,,,,,,,,,,,,,,,,,
,,,,,,,,,,,,,,,,,,,,
,,,,,,,,,,,,,,,,,,,,
,,,,,,,,,,,,,,,,,,,,
,,,,,,,,,,,,,,,,,,,,
,,,,,,,,,,,,,,,,,,,,
,,,,,,,,,,,,,,,,,,,,
,,,,,,,,,,,,,,,,,,,,
,,,,,,,,,,,,,,,,,,,,
,,,,,,,,,,,,,,,,,,,,
,,,,,,,,,,,,,,,,,,,,
,,,,,,,,,,,,,,,,,,,,
,,,,,,,,,,,,,,,,,,,,
,,,,,,,,,,,,,,,,,,,,
,,,,,,,,,,,,,,,,,,,,
,,,,,,,,,,,,,,,,,,,,
,,,,,,,,,,,,,,,,,,,,
,,,,,,,,,,,,,,,,,,,,
,,,,,,,,,,,,,,,,,,,,
,,,,,,,,,,,,,,,,,,,,
,,,,,,,,,,,,,,,,,,,,
,,,,,,,,,,,,,,,,,,,,
,,,,,,,,,,,,,,,,,,,,
,,,,,,,,,,,,,,,,,,,,
,,,,,,,,,,,,,,,,,,,,
,,,,,,,,,,,,,,,,,,,,
,,,,,,,,,,,,,,,,,,,,
,,,,,,,,,,,,,,,,,,,,
,,,,,,,,,,,,,,,,,,,,
,,,,,,,,,,,,,,,,,,,,
,,,,,,,,,,,,,,,,,,,,
,,,,,,,,,,,,,,,,,,,,
,,,,,,,,,,,,,,,,,,,,
,,,,,,,,,,,,,,,,,,,,
,,,,,,,,,,,,,,,,,,,,
,,,,,,,,,,,,,,,,,,,,
,,,,,,,,,,,,,,,,,,,,
,,,,,,,,,,,,,,,,,,,,
,,,,,,,,,,,,,,,,,,,,
,,,,,,,,,,,,,,,,,,,,
,,,,,,,,,,,,,,,,,,,,
,,,,,,,,,,,,,,,,,,,,
,,,,,,,,,,,,,,,,,,,,
,,,,,,,,,,,,,,,,,,,,
,,,,,,,,,,,,,,,,,,,,
,,,,,,,,,,,,,,,,,,,,
,,,,,,,,,,,,,,,,,,,,
,,,,,,,,,,,,,,,,,,,,
,,,,,,,,,,,,,,,,,,,,
,,,,,,,,,,,,,,,,,,,,
,,,,,,,,,,,,,,,,,,,,
,,,,,,,,,,,,,,,,,,,,
,,,,,,,,,,,,,,,,,,,,
,,,,,,,,,,,,,,,,,,,,
,,,,,,,,,,,,,,,,,,,,
,,,,,,,,,,,,,,,,,,,,
,,,,,,,,,,,,,,,,,,,,
,,,,,,,,,,,,,,,,,,,,
,,,,,,,,,,,,,,,,,,,,
,,,,,,,,,,,,,,,,,,,,
,,,,,,,,,,,,,,,,,,,,
,,,,,,,,,,,,,,,,,,,,
,,,,,,,,,,,,,,,,,,,,
,,,,,,,,,,,,,,,,,,,,
,,,,,,,,,,,,,,,,,,,,
,,,,,,,,,,,,,,,,,,,,
,,,,,,,,,,,,,,,,,,,,
,,,,,,,,,,,,,,,,,,,,
,,,,,,,,,,,,,,,,,,,,
,,,,,,,,,,,,,,,,,,,,
,,,,,,,,,,,,,,,,,,,,
,,,,,,,,,,,,,,,,,,,,
,,,,,,,,,,,,,,,,,,,,
,,,,,,,,,,,,,,,,,,,,
,,,,,,,,,,,,,,,,,,,,
,,,,,,,,,,,,,,,,,,,,
,,,,,,,,,,,,,,,,,,,,
,,,,,,,,,,,,,,,,,,,,
,,,,,,,,,,,,,,,,,,,,
,,,,,,,,,,,,,,,,,,,,
,,,,,,,,,,,,,,,,,,,,
,,,,,,,,,,,,,,,,,,,,
,,,,,,,,,,,,,,,,,,,,
,,,,,,,,,,,,,,,,,,,,
,,,,,,,,,,,,,,,,,,,,
,,,,,,,,,,,,,,,,,,,,
,,,,,,,,,,,,,,,,,,,,
,,,,,,,,,,,,,,,,,,,,
,,,,,,,,,,,,,,,,,,,,
,,,,,,,,,,,,,,,,,,,,
,,,,,,,,,,,,,,,,,,,,
,,,,,,,,,,,,,,,,,,,,
,,,,,,,,,,,,,,,,,,,,
,,,,,,,,,,,,,,,,,,,,
,,,,,,,,,,,,,,,,,,,,
,,,,,,,,,,,,,,,,,,,,
,,,,,,,,,,,,,,,,,,,,
,,,,,,,,,,,,,,,,,,,,
,,,,,,,,,,,,,,,,,,,,
,,,,,,,,,,,,,,,,,,,,
,,,,,,,,,,,,,,,,,,,,
,,,,,,,,,,,,,,,,,,,,
,,,,,,,,,,,,,,,,,,,,
,,,,,,,,,,,,,,,,,,,,
,,,,,,,,,,,,,,,,,,,,
,,,,,,,,,,,,,,,,,,,,
,,,,,,,,,,,,,,,,,,,,
,,,,,,,,,,,,,,,,,,,,
,,,,,,,,,,,,,,,,,,,,
,,,,,,,,,,,,,,,,,,,,
,,,,,,,,,,,,,,,,,,,,
,,,,,,,,,,,,,,,,,,,,
,,,,,,,,,,,,,,,,,,,,
,,,,,,,,,,,,,,,,,,,,
,,,,,,,,,,,,,,,,,,,,
,,,,,,,,,,,,,,,,,,,,
,,,,,,,,,,,,,,,,,,,,
,,,,,,,,,,,,,,,,,,,,
,,,,,,,,,,,,,,,,,,,,
,,,,,,,,,,,,,,,,,,,,
,,,,,,,,,,,,,,,,,,,,
,,,,,,,,,,,,,,,,,,,,
,,,,,,,,,,,,,,,,,,,,
,,,,,,,,,,,,,,,,,,,,
,,,,,,,,,,,,,,,,,,,,
,,,,,,,,,,,,,,,,,,,,
,,,,,,,,,,,,,,,,,,,,
,,,,,,,,,,,,,,,,,,,,
,,,,,,,,,,,,,,,,,,,,
,,,,,,,,,,,,,,,,,,,,
,,,,,,,,,,,,,,,,,,,,
,,,,,,,,,,,,,,,,,,,,
,,,,,,,,,,,,,,,,,,,,
,,,,,,,,,,,,,,,,,,,,
,,,,,,,,,,,,,,,,,,,,
,,,,,,,,,,,,,,,,,,,,
,,,,,,,,,,,,,,,,,,,,
,,,,,,,,,,,,,,,,,,,,
,,,,,,,,,,,,,,,,,,,,
,,,,,,,,,,,,,,,,,,,,
,,,,,,,,,,,,,,,,,,,,
,,,,,,,,,,,,,,,,,,,,
,,,,,,,,,,,,,,,,,,,,
,,,,,,,,,,,,,,,,,,,,
,,,,,,,,,,,,,,,,,,,,
,,,,,,,,,,,,,,,,,,,,
,,,,,,,,,,,,,,,,,,,,
,,,,,,,,,,,,,,,,,,,,
,,,,,,,,,,,,,,,,,,,,
,,,,,,,,,,,,,,,,,,,,
,,,,,,,,,,,,,,,,,,,,
,,,,,,,,,,,,,,,,,,,,
,,,,,,,,,,,,,,,,,,,,
,,,,,,,,,,,,,,,,,,,,
,,,,,,,,,,,,,,,,,,,,
,,,,,,,,,,,,,,,,,,,,
,,,,,,,,,,,,,,,,,,,,
,,,,,,,,,,,,,,,,,,,,
,,,,,,,,,,,,,,,,,,,,
,,,,,,,,,,,,,,,,,,,,
,,,,,,,,,,,,,,,,,,,,
,,,,,,,,,,,,,,,,,,,,
